"PCode","PName","ContactPerson","PPhone","PEmail","PAdd","PCity","PState","Tin","wef"
$1.00,"BHAVANA AGENCY","","","","","","",,
$2.00,"K S TRAVEL","","","","","MORADABAD","UP",,
$3.00,"GURPREET GRAMUDHYOG SAMITI","","","","VILLAGE SATUIYA KHAS, TEHSIL MEERGAND","BAREILLY","UP","09AAAAG4314N1ZM","09"
$4.00,"KAMLESH VEER SINGH","","","","","","",,
$5.00,"DEVYOG ELECTRONIC","","","","","MORADABAD","UP","09AZSPS4319R1Z5","09"
$6.00,"B L AGRO INDUSTRIES LTD.","","","","","BAREILLY","UP","09AABCB9200B1Z8","09"
$7.00,"MADHURAM FURNITURE","","","","DELHI ROAD","MORADABAD","UP","09BKDPA0176P1Z0","09"
$8.00,"HARSAHAIMAL SHYAMLAL JEWELLERS","","","","KANTH ROAD","MORADABAD","UP",,
$9.00,"KHWAJA PUBLIC SCHOOL","","","","","","","",""
$10.00,"EVER GREEN PUBLIC SCHOOL","","","","","MORADABAD","UP",,
$11.00,"SURBHI KALA KENDRA","","","","","MORADABAD","UP",,
$12.00,"B.C.L. EDUCATIONAL SOCIETY","","","","","MORADABAD","UP",,
$13.00,"YOG CENTER","","","","","MORADABAD","UP",,
$14.00,"AGARWAL MOTORS","","","","BUDH BAZAR, STATION ROAD","MORADABAD","UP",,
$15.00,"SAJIDA INTER COLLEGE","","","","","MORADABAD","UP",,
$16.00,"QUBE CINEMA TECHNOLOGIES PVT LTD.","","","","42, RANGA ROAD, MYLAPORE","CHENNAI","TAMIL NADU",,
$17.00,"PANORAMA TELEVISION PVT. LTD.","","","","","","",,
$18.00,"BEST NEWS COMPANY PVT. LTD.","","","","","","",,
$19.00,"GALAXY ADVERTISER","","","","","HARDWAR","UTTRAKHAND",,
$20.00,"HINDUSTAN TIMES","","","","","","",,
$21.00,"RADIO MANTRA BAREILLY","","","","","BAREILLY","UP",,
$22.00,"BHARAT SAMACHAR UP TELEVISION NETWORK PVT. LTD.","","","","","LUCKNOW","UP",,
$23.00,"HOUSE TASK SOLUTIONS","","","","","","",,
$24.00,"ADVANCE SPEECH THERAPY","SHIVAM KATARIA","","","PRINCE ROAD","MORADABAD","UP",,
$25.00,"HAMID ALI","","","","","MORADABAD","UP",,
$26.00,"EVENT PARADISE MEERUT","","","","","MEERUT","UP",,
$27.00,"AARNA LIGHTING & APPLIANCES","","","","","","UP","09ABCFA1183D1ZU","09"
$28.00,"ASHOK BANSAL","","","","","MORADABAD","UP",,
$29.00,"FIRST VENTURE HOLDINGS","","","","","MORADABAD","UP","09AAEFF7661G2Z7","09"
$30.00,"YEPME","","","","CIVIL LINE","MORADABAD","UP",,
$31.00,"DECHOME","RAJESH BHARTIYA","9837030303","","IST FLOOR AVASVIKASH MARKET, CIVIL LINES MORADABAD.","MORADABAD","UP","09AHXPA1651M1ZW","09"
$32.00,"R D METALS","","","","SIYAL KOT AASIM BIHARI ROAD","MORADABAD","UP","",""
$33.00,"PRATISHTHA DAIRY FARMS PVT. LTD.","","","","","MORADABAD","UP","09BBEPS3996R1ZE","09"
$34.00,"H.S. JEWELS BADAUN PVT. LTD. MBD BRANCH","","","","KANTH ROAD","MORADABAD","U.P.","09AACCH9775N1ZO","09"
$35.00,"ROHIT RASTOGI","","","","","","","",""
$36.00,"TVS MOTOR COMPANY","","","","","MORADABAD","UP","",""
$37.00,"ANTHEM ADVERTISING AGENCY","DALIP RASTOGI","9837056007","","B-14, GANDHI NAGAR","MORADABAD","UP","09AIIPR8398A1ZQ","UP"
$38.00,"MAA GAYATRI INDUSTRIAL TRAINING INSTITUTION","","","","KAZIPRA ROAD","MORADABAD","UP","",""
$39.00,"G. R. SOLVENTS & ALLIED INDUSTRIES LTD","AJAY TONDAN","","","","AMROHA","UP","09AACCG0227A1ZB","09"
$40.00,"PLANET HONDA","YOGESH CHIRAL","","","","MORADABAD","UP","","09"
$41.00,"SELF IMAGE","","","","BUDH BAZAR STATION ROAD","MORADABAD","UP","09AAGFB2330J1ZN","09"
$42.00,"KARAN ASHOK AUTO PVT. LTD.","","","","","MORADABAD","UP","09AAECK1055A1Z1","09"
$43.00,"DR. NITIN AGARWAL","","","","","","","",""
$44.00,"EDUCATIONAL KIDS INDUSTRIES","","","","","","","",""
$45.00,"IQBAL HUSAIN","","","","","MORADABAD","UP","",""
$46.00,"BRASSCITY ENTERPRISES","","","","NEAR AKBAR KA KILA, KANTH ROAD","MORADABAD","UP","09ALRPG7365E1ZP","09"
$47.00,"DR. BASU EYE HOSPITAL, BAREILLY","DR. BASU","","","23-B, EKTA NAGAR, STADIUM ROAD","BAREILLY","UP","09AANFD4164F1ZB","UP"
$48.00,"ANSUMAN","","","","","","","",""
$49.00,"TASLIMA INTER COLLEGE","","","","","MORADABAD","UP","","UP"
$50.00,"MEENA AGARWAL","","","","","","","",""
$51.00,"SIRMAUR SOAP AND ALLIED PRODUCTS PVT. LTD.","","","","SATUIYA KALAN KHAS TEHSIL, MEERGANJ,","BAREILLY","UP","09AAFCA5475P1ZZ","09"
$52.00,"CHINTU ELECTRONICS","","","","SUPER BAZAR, BUDH BAZAR MORADABAD","MORADABAD","UP","09AJTPD2021JIZ8","09"
$53.00,"KALPATARU SCHOOL","","","","HIMGIRI COLONY BEHINED PMS SCHOOL","MORADABAD","UP","",""
$54.00,"MODERN ACADEMY","","","","CIVIL LINES","MORADABAD","UP","",""
$55.00,"LATA CHANDRA","","","","CIVIL LINES","MORADABAD","UP","","09"
$56.00,"BAMBOZZ RESTAURANT","","","","TDI CITY ROAD, RAM GANGA VIHAR","MORADABAD","UP","",""
$57.00,"AMBA HEALTH CLINIC","","","","","MORADABAD","UP","",""
$58.00,"ZEE ENTERPRISES LTD","","","","","","","",""
$59.00,"RAJESH KUMAR AGARWAL","","","","","","","",""
$60.00,"PANKAJ DARPAN","","","","PARSADI LAL ROAD, CHOWK TADI KHANA","MORADABAD","UP","",""
$61.00,"ROOP KISHOR","","","","","MORADABAD","","",""
$62.00,"DADA SWEETS & BAKERS","","","","GANJ GURHATI","MORADABAD","UTTAR PRADESH","",""
$63.00,"CREATIVE WORLD","","","","VISHAL MEGA MART, KANTH ROAD","MORADABAD","UTTAR PRADESH","09AFZPA0629R3ZM","09"
$64.00,"NEHA PANDAY","","","","A-39, GANDHI NAGAR","MORADABAD","UP","",""
$65.00,"ANJANI PANDEY","","","","","MORADABAD","UP","",""
$66.00,"HINDUSTAN PATHOLOGY","","","","PRINCE ROAD","MORADABAD","UP","",""
$67.00,"COSMOS HOSPITAL","DR. ANURAJ KUMAR","","","KANTH ROAD","MORADABAD","UP","09AACCE1978J2Z9","09"
$68.00,"SAM MARKETING COMPANY","","","","","","","",""
$69.00,"DR. ANURAG AGARWAL","","","","COSMOS HOSPITAL","MORADABAD","UP","",""
$70.00,"KASHI VISHWANATH STEELS PVT. LTD.","","","","KASHIPUR","KASHIPUR","KASHIPUR","05AAACK2340NIZO","05"
$71.00,"MEDIA PANDIT","","","","SUPER MARKET","MORADABAD","UTTAR PRADESH","09AHEPT5375Q1ZB","09"
$72.00,"GRACE FURNITURE","RAJESH AGARWAL","9837030303","","D-37, HARTHALA INDUSTRIAL ESTATE ,KANTH ROAD,","MORADABAD","UP","09AARFG2471N1ZP","09"
$73.00,"SUJATA SHRIVASTAV","","","","B-84, RAM GANGA VISHAR PHASE 2","MORADABAD","UP","",""
$74.00,"SHAILENDRA KUMAR RASTOGI","","","","KANOON GOYAN KUYE VALE GALI","","","",""
$75.00,"KULDEEP KUMAR AGARWAL","","","","","","","",""
$76.00,"SATENDRA SING MALIK","","","","","","","",""
$77.00,"EKTA SAREE SANSAR","","","","CHOK TADI KHANA","MORADABAD","UP","09ACXPK2345P1ZP","09"
$78.00,"UTTKARSH MALIK","","","","","","","",""
$79.00,"ORIENT ELECTRIC","GAURAV AGARWAL","","","1207, MAJOR ASHA RAM TYAGI MARG, 
SIHANI GATE SADDIK NAGAR, MEERUT ROAD (OPP. DPS SCHOOL)","GHAZIABAD- 201003","UP","09AAACO3279J1Z4","09"
$80.00,"DECHOME / GRACE FURNITURE","","","","","","","",""
$81.00,"SHAKRA BEGAM","","","","","","","",""
$82.00,"ADVANCE PUBLIC SCHOOL","","","","","","","",""
$83.00,"SHAHJI","","","","GANDHI NAGAR","MORADABAD.","","",""
$84.00,"SUMMER VALLEY SCHOOL","","","","KANTH ROAD","MORADABAD","UP","",""
$85.00,"MEERA TIWARI","","","","","MORADABAD","UTTAR PRADESH","",""
$86.00,"KUNDAN MISHTHAN BHANDAR","","","","PEELI KOTHI, CIVIL LINES","MORADABAD","UP","09ABHPA5616J1ZP","09"
$87.00,"B.R. APPARELS","","","","BUDH BAZAR","MORADABAD","UP","09AAGFB2330J1ZN",""
$88.00,"BRASS GIFT CENTER","","","","DELHI ROAD","MORADABAD","UTTER PRADESH","09ASHPG8544Q1ZX","09"
$89.00,"SHIKKIS POSHAK","SUNITA KOTHIWAL","","","","MORADABAD","UTTER PRADESH","09AGUPK5265D1Z0","09"
$90.00,"RAJEEV SINGHAL","RAJEEV SINGHAL","","","GANDHI NAGAR","MORADABAD","UP","",""
$91.00,"T P TRADERS","ASHISH JAIN","9368309149","","B-57, GANDHI NAGAR","MORADABAD","UP","09AAHFT4713C1ZC","09"
$92.00,"A  K   INFRASTRUCTURE","","","","AASHIYANA","MORADABAD","UTTER PRADESH","",""
$93.00,"BRAJ MOHAN","","","","","","","",""
$94.00,"ASHUTOSH","","","","","","","",""
$95.00,"HABEEB AKHTAR","","","","","","","",""
$96.00,"RAMOTAR DHINGRA","","","","","","","",""
$97.00,"BANK OF BARODA","","","","","","","",""
$98.00,"ASHUTOSH","","","","","","","",""
$99.00,"FAMILY BAZAAR","SUMIT AGARWAL","","","OPP. MADHUBANICOLONY, KANTH ROAD","MORADABAD","UP","09ACZFS2815G1ZK","09"
$100.00,"KAPOOR COMMODITIES EXIM (P) LTD.","","","","","MORADABAD","UTTER PRADESH","09AADCK7163L1Z2","09"
$101.00,"SHIRDI SAI PUBLIC SCHOOL","","","","","","","",""
$102.00,"MA PARVATI DOG NURSING HOME","","","","NEAR DHAP MANDIR, ASHIYANA","MORADABAD","UTTER PRADESH","",""
$103.00,"ARENA MULTIMEDIA","SANJAY DHAWAN","","","AVAS VIKAS","MORADABAD","UP","",""
$104.00,"HOME CITY LIFESTYLE PVT LTD","ABHINAV RANA","","","MIE METRO STATION, NH-10, BAHADURGARH DELHI-NCR 124507, HARYANA","BAHADURGARH","HARYANA","06AACCH8347Q1ZY","06"
$105.00,"CASH-13-12-17","","","","","","","",""
$106.00,"COX & KINGS LTD.","","","","B-15, INDIRA NAGAR","LUCKNOW-226016","UP","09AAACC1921B1ZC","09"
$107.00,"RAJKUMAR","","","","","","","",""
$108.00,"SIRMAUR SOAP FACTORY","","","","D-20, IND. AREA, PARSAKHERA","BAREILLY","UTTAR PRADESH","09ABAFS3866P1ZF","09"
$109.00,"SMS DISTRIBUTORS","","","","OPP. MADHUBANI COLONY, KANTH ROAD","MORADABAD","UP","09ACZFS2815G1ZK","09"
$110.00,"SANDEEP RASTOGI","","","","","","","",""
$111.00,"NITIN KUMAR","","","","","","","",""
$112.00,"PRIYANKA VENTURES","","","","","MORADABAD","UTTAR PRADESH","09APJPM2434A1Z7","09"
$113.00,"GOLDEN GATE GLOBAL SCHOOL","MR. RAJEEV","","","RAM GANGA VIHAR","MORADABAD","UP","",""
$114.00,"MR. LATU","","","","","","","",""
$115.00,"GULJEB","","","","","","","",""
$116.00,"JAI ENGINEERING","","","","OPP. LAVEENA RESTAURANT RAMPUR ROAD","MORADABAD","UP","",""
$117.00,"VACATION KING","","","","1ST FOOR , SHRI VALLABH COMPLEX NEAR PMS SCHOOL, CIVIL LINE","MORADABAD","UP","09AVLPB2238D1ZW","09"
$118.00,"PRABHAT MEDICAL STORES","SHOBIT","","","BUDH BAZAR STATION ROAD","MORADABAD","UP","09AATFP0016E1ZC","09"
$119.00,"CORPORATE DESIGN WORLD","","","","","MORADABAD","UP","",""
$120.00,"ZED PLUS","","","","","","","",""
$121.00,"MUNNI DEVI","","","","","","","",""
$122.00,"PRIYANKA VENTURES / HOME CITY","","","","","","","",""
$123.00,"LUCKNOW CHICKEN STORE","","","","COURT ROAD MORADABAD","MORADABAD","UP","09AAFFL3020J1ZH","09"
$124.00,"JHANKAR JEWELLERS","","","","COURT ROAD","MORADABAD","UP","09AGWPG8465F1ZQ","09"
$125.00,"MOTHERS KITCHEN","","","","2ND FLOOR, NEAR LUCKNOW CHIKAN, COURT ROAD","MORADABAD","UP","09AGWPG8563E1ZT","09"
$126.00,"ASHISH FOAMS AND FURNISHING","","","","SHOP NO. 19 20 23, NEAR VISHAL MEGA MART, KANTH ROAD","MORADABAD","UP","09ADZPB3077G1Z6","09"
$127.00,"ZAINAB FATIMA","","","","","","","",""
$128.00,"CELEBRATION ZONE","","","","","","","",""
$129.00,"RADHA RANI KAPOOR","","","","","","","",""
$130.00,"SHIV SHAKTI ASSOCIATES","","","","","","UP","09ADDFS9084N1Z6","09"
$131.00,"RAJKAWAL","","","","","","","",""
$132.00,"SATYA CHANDRA FLOUR MILLS PVT LTD.","","","","","","UP","09AABCS7790M1ZL","09"
$133.00,"BOOSTER HEALTH CARE","DR.GAUTAM","","","NEAR SAINT DHARA ACADEMY, BANK COLONY 
KHUSHALPUR, MORADABAD","MORADABAD","UP","09BRVPG6651A1ZL","09"
$134.00,"RADHA KRISHNA SENIOR SECONDARY PUBLIC SCHOOL","","","","KAILSA ROAD","AMROHA","UP","",""
$135.00,"BRASSCITY MOTORS","","","","NEAR MAJHOLI CHAURAHA, DELHI ROAD, KHUSHHALPUR","MORADABAD","UTTAR PRADESH","09ADRPG0883B1ZJ","09"
$136.00,"DAMYAA (P.J.) FOODS PVT.LTD.","AMIT JAIN","","","VILLAGE CHIKNA SHAHABAD ROAD RAMPUR (U.P)","RAMPUR","UTTER PRADESH","09AAECD4276G1ZJ","09"
$137.00,"DHANWANTRI PHARMACEUTICAL (KASHIPUR) UTTRAKHAND","","","","","KASHIPUR","UTTRAKHAND","05AEGPM8742M1Z1","05"
$138.00,"WHITE HOUSE","","","","PRINCE ROAD MORADABAD","MORADABAD","UTTAR PRADESH","",""
$139.00,"MAHARAJA AGARSEN PUBLIC SCHOOL","RASHMI THAKUR","","","MANDI BANS","MORADABAD","UP","","09"
$140.00,"MFB HERBAL DAWAKHANA AMROHA","","","","","","UP","09AAEPQ9840Q1ZQ","09"
$141.00,"GANESH SOAP FACTORY","","","","RAMBAGH ROAD","CHANDAUSI","UP","09AIBPD8203F1ZP","09"
$142.00,"SHRI DHANWANTRI PHARMACY, CHANDAUSI","VIKASH MISHRA","","","JHAWAHER ROAD","CHANDAUSI","UP","09ABAFS4376C1Z7","09"
$143.00,"GENNAX","","","","","","","",""
$144.00,"JANTA DARDMAND DAWAKHANA","","","","HAKEEM RAIS BUILDING, NOORION SARAI,","SAMBHAL","UP","09AKWPS1188B1ZN","09"
$145.00,"NATURE GREEN HERBAL CARE","","","","BAZAR BATWAL","AMROHA","UP","09AAGFN2510G1ZK","09"
$146.00,"D-RED CARPET EVENT DESIGN","","","","","","","",""
$147.00,"D-RED CARPET","","","","","","","",""
$148.00,"RAKESH SINHAL","","","","B-95, GANDHI NAGAR","MORADABAD","UP","",""
$149.00,"INSTITUTE OF SATELITE STUDIES FOR CIVIL","","","","58, AVAS VIKAS MORADABAD","MORADABAD","UP","09AAEFI6290A1ZI",""
$150.00,"INSTITUTE OF SATELLITE STUDIES FOR CAICS","","","","STATION ROAD MORADABAD","MORADABAD","UP","09AAEFI9944H1ZX",""
$151.00,"INSTITUTE OF SATELLITE STUDIES IN SCIENCE","","","","58, AVAS VIKAS SHANI DEV TEMPLE, CIVIL LINE","MORADABAD","UP","09AADFI6347K2ZZ",""
$152.00,"GANDHI PUBLIC SCHOOL","","","","GANDHI NAGAR","MORADABAD","UP","",""
$153.00,"K L PHARMACY","","","","","","UP","09AFTPK4737N1ZJ","09"
$154.00,"AMIT GUPTA","","","","","","","",""
$155.00,"AADITYA ADVERTISERS","","","","VYAS KUTIR PACHPERA, KATGHAR","MORADABAD","UP","09AZHPS0367G1Z3","09"
$156.00,"AYURVED VIKAS SANSTHAN","J. K. GOEL","","","C-83, GANDHI NAGAR","MORADABAD","UP","09ABIPG8605N1Z7","09"
$157.00,"NISHA TIWARI","","","","","","","",""
$158.00,"C. K. HEALTH AND CARE","","","","KATRA","AMROHA","UP","09AAFFC8803L1Z5","09"
$159.00,"JIVIKA INTERNATIONAL","","","","","DELHI","DELHI","",""
$160.00,"SHEKHAR SHARMA","","","","","","","",""
$161.00,"STERREN INTERSEAS","AMIT KUMAR","","","RAM GANGA VIHAR, A-109/A, SONAKPUR","MORADABAD","UTTAR PRADESH","09AHNPG8959N2Z8","09"
$162.00,"DAFEDAAR PUBLIC INTER COLLEGE","","","","","","","",""
$163.00,"NIGAR FIRDAUSH","","","","","","","",""
$164.00,"JAY LUXMI SOAP WORKS","REENA RANI","","","VILLAGE-KAITHAL,","CHANDAUSI","UP","09ABRPR4710J1Z5","09"
$165.00,"RAJEEV AGARWAL","","","","","","","",""
$166.00,"VIPIN SHARMA","","","","","","","",""
$167.00,"N.K. SINGH","","","","","","","",""
$168.00,"REAL GREEN PRODUCTS","","","","BELOW OBC, NH-24, LUXMI NAGAR","AMROHA","UP","09AASFR4071Q1Z7","09"
$169.00,"HUMERA VASEEF","","","","","","","",""
$170.00,"HUMERA BASEEF","","","","","","","",""
$171.00,"DINESH","","","","","","","",""
$172.00,"TEMPTATION FOOD","MR. KARAN","9927452999","","LASA HOUSE CIVIL LINES
GSTN.","MORADABAD","UP","09AAGFT2182C1ZA","09"
$173.00,"SATISH GUPTA","","","","","","","",""
$174.00,"EVER GREEN IMPEX","","","","","","","",""
$175.00,"DR. VIKASH","","","","","","","",""
$176.00,"CARNIVAL CINEMAS","","","","","","","",""
$177.00,"N K KHANNA","","","","","","","",""
$178.00,"SAMRAT","","","","","","","",""
$179.00,"ACCOST INTERNATIONAL","","","","","MORADABAD","UTTAR PRADESH","09AAZFA9110A1ZG","09"
$180.00,"BINDAL FASHION WORLD","","","","","MORADABAD","UP","09AAIFB4645E1ZI","09"
$181.00,"VIDYA MANDIR CLASSES","","","","","","","",""
$182.00,"DHYE IAS","","","","","","","",""
$183.00,"TALLY ACADEMY","","","","","","","",""
$184.00,"SANTKAMAL","","","","","MORADABAD","UP","09ADIFS1914L1ZQ","09"
$185.00,"EKTA ENTERPRISES","","","","CROSS MALL ROAD","MORADABAD","UP","09BERPS6635B1Z2","09"
$186.00,"RIMAYAA INTERNATIONAL","","","","","PATNA","BIHAR","10AAICR6456Q1ZV","10"
$187.00,"MUNENDRA NATH","","","","","","","",""
$188.00,"ROBIN KOKAD","","","","","","","",""
$189.00,"PARAS FOOD PRODUCTS","","","","","MORADABAD","UTTAR PRADESH","09AAPFP9423K1ZI","09"
$190.00,"SHIVAM HERBAL CARE CLINIC","","","","RAM GANGA VIHAR, PHASE 2","MORADABAD","UTTER PRADESH","",""
$191.00,"K. V. SINGH","","","","","","","",""
$192.00,"CHAWLA TYRES ZONE","","","","STATION ROAD","MORADABAD","UP","09AAZPC0886B1ZI","09"
$193.00,"TALWALKARS BETTER VALUE FITNESS LTD.","","","","SIDDHI TOWER,2ND FLOOR, KANTH ROAD","MORADABAD","UP","09AABCT8207A1ZN","09"
$194.00,"PRABHAT ELECTRICALS","RAKESH KUMAR SHARMA","","","PRABHAT MARKET, KATGHAR","MORADABAD","UP","09AUTPS9861Q1ZZ","09"
$195.00,"RAJAT SHAKHER","","","","","","","",""
$196.00,"BEST APARTMENT","","","","","","","",""
$197.00,"SELFIECCINO CAFE","","","","SAI MANDIR ROAD","MORADABAD","UP","09AMFPT0007K1Z0","09"
$198.00,"UNIQUE COLLECTION","","","","","","","",""
$199.00,"CHANDR PRAKASH UPPAL","","","","","","","",""
$200.00,"KABRA INTERNATIONAL","","","","19, JAWAHAR NAGAR(GANDHI NAGAR),","MORADABAD","UP","09ABQPK0855N1ZZ","09"
$201.00,"RAM BHAROSE LAL RAMAVTAR","","","","","MORADABAD","UP","","09"
$202.00,"SHARAD KAPOOR","","","","","","","",""
$203.00,"SHAILENDRA","","","","","","","",""
$204.00,"JHANKAR JEWELLERS/MOTHERS KITCHEN","","","","","","","",""
$205.00,"SHRI RASTOGI SABHA (REG.) MORADABAD","","","","","","","",""
$206.00,"DREAM HOME","","","dreamhomeinterior1@gmail.com","OPP. GULZARIMAL DHARAMSHALA, GMD ROAD","MORADABAD","UP","09AAIFD7157P1ZO","09"
$207.00,"LOHIA AUTO INDUSTRIES","","","","PLOT. NO. 22, 23 & 27, NAND NAGAR INDUSTRIAL ESTATE,
MAHUA KHERA GANJ","KASHIPUR","UTTRAKHAND","05AACFL6733D1ZN","05"
$208.00,"DEEPAK MISHRA","","","","","","","",""
$209.00,"HARIOM","","","","","","","",""
$210.00,"ROYAL FURNISHERS","","","","EKTA COMPLEX,  COMPANY BAGH, CIVIL LINE","MORADABAD","UP","09AAMFR3746E1ZY","09"
$211.00,"VIKASH KHURANA","","","","","","","",""
$212.00,"SAMRIDDHI ENTERPRISES","","","","","","UP","09CRUPS9600M1ZP","09"
$213.00,"DR. VINIT GARG","","","","GANDHI NAGAR","MORADABAD","UP","",""
$214.00,"RAJESH JI","","","","","","","",""
$215.00,"YASMEEN AHMAD","","","","","","","",""
$216.00,"KAPOOR LITES","","","","SHOP NO. 1,2,3, MADHUBANI COMPLEX, NEAR VISHAL MEGA MART, KANTH ROAD","MORADABAD","UP","09ACYPK0571G1Z7","09"
$217.00,"BNDALS","","","","","","","",""
$218.00,"BINDALS","","","","","","","",""
$219.00,"SMS DISTRIBUTORS (FMAILY BAZAR)","","","","","","","",""
$220.00,"JAWAHAR JAIN","","","","","","","",""
$221.00,"MILLENNIUM WORLD SCHOOL","","","","","","","",""
$222.00,"CASH","","","","","","","",""
$223.00,"JHANKAR JEWELLERS/LUCKNOW CHICKEN STORE","","","","","","","",""
$224.00,"NAVDEEP KUMAR","","","","","","","",""
$225.00,"ANGELZONE BEAUTY PVT. LTD.","","","","","MORADABAD","UP","09AAMCA3066F1ZM","09"
$226.00,"ROLONS UNISEX SOLON","","9557662597","","AKBAR QILA, SONAKPUR STADIUM ROAD NEAR JAY COLLECTION, RAM GANGA VIHAR MDA","MORADABAD","UP","","09"
$227.00,"NATURELO ICE CREAMS","","","","","","","",""
$228.00,"BEST PARTNER MATRIMONI","","","","","","","",""
$229.00,"THE AIBDAARS","","","","","","","",""
$230.00,"BANK OF BARODA MORADABAD","","","","","","","",""
$231.00,"AADITYA ADVERTISERS","","","","VYAS KUTIR, PACHPERA, KATGHAR,","MORADABAD","UP","09AZHPS0367G1Z3","09"
$232.00,"AADITYA ADVERTISERS","","","","VYAS KUTIR, PACHPERA, KATGHAR,","MORADABAD","UP","09AZHPS0367G1Z3","09"
$233.00,"NARESH KAPUR","","","","","","","",""
$234.00,"LOOKS SALON","","","","","","","",""
$235.00,"ASHA RANI AGARWAL","","","","","","","",""
$236.00,"SHRI SHIV AGENCY","","","","MORADABAD","","","",""
$237.00,"PLANET HOME","","","","","","","",""
$238.00,"MITTAL TRADING","","","","NEAR ROADWAYS","MOARABAD","UP","09BDNPM1035L1Z9","09"
$239.00,"KAMLESH TYAGI","","","","","","","",""
$240.00,"TIMES CAREER INSTITUTE","","","","","","","",""
$241.00,"VINENDRA KUMAR JAIN","","","","","","","",""
$242.00,"ARYANS INTERNATIONAL SCHOOL","","","","BUDHI VIHAR, 
KHUSHALPUR ROAD,8","MORADABAD","UP","",""
$243.00,"THE LAGOON RESTAURANT","PARTH GUPTA","","","RAM GANGA VIHAR, ADITYA PLAZA, PHASE IIND,
BEHIND SALE TAX OFFICE,","MORADABAD","UP","09BJVPG4757R2ZY","09"
$244.00,"DELHI PUBLIC GLOBAL SCHOOL","","","","PANDIT NAGLA BYPASS RD, 
JABBAR COLONY,  KARULA,","MORADABAD","U.P.","",""
$245.00,"AALPS COACHING CLASSES","","","","","","","",""
$246.00,"DR. V.S. GUPTA","","","","","","","",""
$247.00,"GAINI ICE CREAM","","","","","","","",""
$248.00,"STROK MINERAL WATER","","","","","","","",""
$249.00,"DHANUK SERVICES PVT LTD.","","","","","","","",""
$250.00,"PARIKSHA GURU","","","","","","","",""
$251.00,"TAHIR","","","","","MORADABAD","UTTAR PRADESH","","09"
$252.00,"CELEBRATION","","","","","","","",""
$253.00,"MAFOOJ ALI","","","","","","","",""
$254.00,"MEHFOOZ ALI","","","","","","","",""
$255.00,"MAX LTD.","","","","","","","",""
$256.00,"RIMAS HEALTH CARE PVT. LTD.","","","","","PATNA","BIHAR","10AAICR6456Q1ZV","10"
$257.00,"GOYAL MART","","","","BLOCK H, SHOP NO HC-31, RAMGANGA VIHAR PHASE 2ND NEAR SALES TAX OFFICE RSD HOSPITAL","MORADABAD","UP","09AATFG0863E1Z6","09"
$258.00,"FURNITURE MALL","","","","CIVIL LINES","MORADABAD","","",""
$259.00,"GAJRAULA HAVELI RESORT","","","","","GAJRAULA","UP","",""
$260.00,"RAJESH BHARTIYA","","","","","","","",""
$261.00,"V K S PUBLIC SCHOOL","","","","","","","",""
$262.00,"RAMA JI JEWELLERS","","","","KATGHAR, BAQBARA SABJI MANDI","MORADABAD","UP","09ARXPG4642E1ZH","09"
$263.00,"LX","","","","C-6, STADIUM ROAD","MORADABAD","UP","09AUNPS1447C1ZG","09"
$264.00,"NARENDRA KUMAR","","","","","","","",""
$265.00,"MOTHER'S PRIDE","","","","","","","",""
$266.00,"SAURABH KUMAR","","","","","","","",""
$267.00,"PRATEEK SAXENA","","","","","","","",""
$268.00,"STROKEART ENTERPRISES","","","","","","","",""
$269.00,"SHARMA BAND MORADABAD","","","","","","","",""
$270.00,"H. K. METALS","","","","","","","",""
$271.00,"RAJESH JI / GRACE FURNITURE","","","","","","","",""
$272.00,"DEVARPAN FOODS PVT. LTD.","","","","NARAYAN NAGAR, INDUSTRIAL ESTATE, BAZPUR ROAD,","KASHIPUR","UTTRAKHAND","05AAFCD8487L1Z2","05"
$273.00,"SAAS BAHU PARIDHAN","","","","","MORADABD","UP","09AOKPK3334D1Z3","09"
$274.00,"MAHENDRA ENTERPRISES","","","","SAI MANDIR ROAD VIMALGIRI YOJNA DEENDYAL NAGAR","MORADABAD","UP","09ABIFM2675G1ZZ","09"
$275.00,"SANJAY JAIN","","","","","","","",""
$276.00,"VIJAY BHARAT BAND","","","","","","","",""
$277.00,"PRAVEEN KUMAR AGARWAL","","","","MORADABAD","","","",""
$278.00,"NIKUNJ JAIN","","","","GANDHI NAGAR","MORADABAD","UP","","09"
$279.00,"SUMIT AGARWAL","","","","","","","",""
$280.00,"VAYU MAKEOVER","","","","","","","",""
$281.00,"VINEET RASTOGI","","","","","","","",""
$282.00,"GOYAL MART MORADABAD","","","","","","","",""
$283.00,"MUNNI DEVI","","","","","","","",""
$284.00,"PRAVESH KUMAR SINGH","","","","","","","",""
$285.00,"SANSKRITI COLLECTION","","","","DM-61, DEENDAYAL NAGAR, PHASE 1 NEAR PRATHMA BANK","MORADABAD","UP","09BMSPS9848D1Z3","09"
$286.00,"MORADABAD FINANCIERS","","","","","","","",""
$287.00,"ELECTROSOL SOLAR INDIA PVT LTD","","","","","","","",""
$288.00,"MUNNE DEVI / ARUN KUMAR","","","","","","","",""
$289.00,"SEHGAL'S POINT","","","","","MORADABAD","UP","",""
$290.00,"CADD CENTER","","","","","","","",""
$291.00,"SHEHNAZ AKHTAR","","","","MORADABAD","","","",""
$292.00,"RITU BATRA","","","","6-68, GANDHI NAGAR","MORADABAD","UP","",""
$293.00,"RADHA KRISHNA POLYTECHNIC","","","","KANTH ROAD, SHUKLA KI PULIYA","MORADABAD","UP","",""
$294.00,"SHANE ILAHI","","","","","","","",""
$295.00,"THE GRAND VILLAGE","","","","","","","",""
$296.00,"MAHI FASHION","SACHIN GUPTA","9837043407","","FRONT OF CIVIL LINE THANA","MORADABAD","UP","09AWZPG4473A1Z8","09"
$297.00,"ARCHI GARG","","","","HOUSE NO. C-9, GANDHI NAGAR","MORADABAD","UP","",""
$298.00,"IRIS THE AESTHETIC CLINIC","","","","A-161, RAM GANGA VIHAR, PHASE 1","MORADABAD","UP","",""
$299.00,"SANJAY KUMAR BANSAL","","","","MORADABAD","","","",""
$300.00,"LORRAINE UNISEX SALON","","","","PRINCE ROAD, NEAR CHADDHA CINEMA","MORADABAD","UP","",""
$301.00,"JAGRAN PRAKASHAN LTD.","","","","2, SARVODAY NAGAR","KANPUR","UP","09AAACJ3404A1Z9","09"
$302.00,"MATERIAL BOSS INFRATECH PVT LTD.","","","","","MORADABAD","UP","09AAKCM0042P1Z5","09"
$303.00,"PIONEER FITNESS GYM","","","","","","","",""
$304.00,"MAGNIFICIENT CREATIONS","","9837132310","","C-8, GANDHI NAGAR","MORADABAD","UP","09AAJFM0730C1ZO","09"
$305.00,"PULKIT TYAGI","","","","","","","",""
$306.00,"VIDUR GARG","","","","","","","",""
$307.00,"MOHINI ENTERPRISES","","","","MORADABAD","","","",""
$308.00,"VISHNU KUMAR GUPTA","","","","","","","",""
$309.00,"ZAIKA BAR AND RESTAURANT","","","","KANTH ROAD","MORADABAD","UTTAR PRADESH","09AABFZ0678C1Z4","09"
$310.00,"ULTIMATE PATH LAB","MONOJ SAXENA","","","","","","",""
$311.00,"JUST FITNESS GYM","","","","","","","",""
$312.00,"INDO PACIFIC RESORTS PVT LTD","","","","VILLAGE -DHIKULI","RAMNAGAR","UTTRAKHAND","05AABCI1730K1ZV","05"
$313.00,"S.R. ENTERPRISES","","","","B-14, GANDHI NAGAR","MORADABAD","UP","09ABHPA6371N1ZB","07"
$314.00,"UMAIR AEHMAD","","","","","","","",""
$315.00,"SANJEEV KUMAR KHETRPAL","","","","","","","",""
$316.00,"MR ANURAG","","","","","","","",""
$317.00,"OSHNOSH TECHNOLOGIES PVT. LTD.","","","","","","","",""
$318.00,"CULT CAFE","","","","","","","",""
$319.00,"SIYA BOUTIQUE","","","","","MORADABAD","UP","09AHAPV1824A1ZO","09"
$320.00,"ANNPURNA RESTAURANT","","","","","","","",""
$321.00,"ABEER MASALE","","","","","","","",""
$322.00,"POOJA BATRA","","","","C-68, GANDHI NAGAR","MORADABAD","UP","",""
$323.00,"TARANGI RESORT","","","","","","","",""
$324.00,"HIND SPORTS PVT. LTD.","","","","45-46, SURAJ KUND ROAD","MEERUT","UP","",""
$325.00,"SAIFALI AGARWAL","","","","","","","",""
$326.00,"ADITYA SWEETS","","","","","","","",""
$327.00,"SHYAM LAL PRUSHOTTAM DAS","","","","","","","",""
$328.00,"NISHU","","","","","","","",""
$329.00,"MANISHA","","","","","","","",""
$330.00,"MANISHA","","","","","","","",""
$331.00,"SRASHTI JOSHI","","","","","","","",""
$332.00,"NEERAJ CHAUDHARY","","","","CHANDAUSI","","","",""
$333.00,"SHAMSUL KAMAR","","","","","","","",""
$334.00,"MR. RATHI","","","","","","","",""
$335.00,"I VEDAM","","","","","","","",""
$336.00,"EASY DAY","","","","","","","",""
$337.00,"RAMESH RANI","","","","","","","",""
$338.00,"DEEPAK MISHRA","","","","","","","",""
$339.00,"LUMUS MEDIA PRIVATE LIMITED","","","","GROUND FLOOR A-1, BLOCK 36, SOUTH CITY-11 SECTOR-  49,","GURUGRAM","HARYANA","06AABCO8954H1Z6","06"
$340.00,"MANISH GUPTA","","","","","","","",""
$341.00,"GLOBAL PUBLIC SCHOOL","","","","KANTH ROAD, KUCHAWALI","MORADABAD","U.P.","",""
$342.00,"TARUN KAPOOR","","","","","","","",""
$343.00,"TARUN MITTAL","","","","","","","",""
$344.00,"MANOJ GUPTA","","","","","","","",""
$345.00,"DEEPAK KUMAR BHATNAGER","","","","","","","",""
$346.00,"MINDâ€™S EYE INTERNATIONAL SCHOOL","","","","","","","",""
$347.00,"NEHA MAKEUP MANTRA","","","","AE-26, ABOVE ANGELIC SHOWROOM, MAIN KANTH ROAD","MORADABAD","UP","",""
$348.00,"KUSH AGARWAL","","","","","","","",""
$349.00,"ANANTA DRISHTI ADVERTISING","ASHOK KUMAR TRIPATHI","","","ASHOK VIHAR,CHOTI MUKHANI,NEAR KVM SCHOOL,","HALDWANI","UTTRAKHAND","05ADHPT7588E2Z1","05"
$350.00,"KHAN MUSHARRAF JAMAL ASMAT","","","","","","","",""
$351.00,"KISHAN PAL","","","","","","","",""
$352.00,"MATHS4U","","","","","","","",""
$353.00,"SADBHAVA NURSING HOME","","","","","","","",""
$354.00,"K G HOMEOPATHIC","","","","","","","",""
$355.00,"MAHAVEER BHOG","","","","","","","",""
$356.00,"MAHAVIR ROLLER FLOUR MILLS PVT LTD","","","","BAREILLY ROAD 
GORA PARAO","HALDWANI","UTTRAKHAND","05AADCM6462E1ZN","05"
$357.00,"PAL FROZEN FOODS","","","","PALAM CITY, RAMPUR RD, OPP. PAL FORD","HALDWANI","UTTRAKHAND","05AAOFP9345H1ZT","05"
$358.00,"ASHISH JAIN","","","","","","","",""
$359.00,"ARVIND KUMAR AGARWAL","","","","","","","",""
$360.00,"SHRI LAXMI BADRI AGRO FOOD PVT LTD.","","","","PIPALIYA MOAR SITARGANJ ROAD KICHHA","","UTTRAKHAND","05AAUCS3505R1ZN","05"
$361.00,"UTTAR PRADESH AWAS VIKAS/ TARUN KAPOOR","","","","","","","",""
$362.00,"PARTH JAIN","","","","","","","",""
$363.00,"RAJEEV ARORA","","","","","","","",""
$364.00,"MORADABAD INSTITUTE OF TECHNOLOGY","","","","","","","",""
$365.00,"ADARSH VIDYA MANDIR INTER COLLEGE","","","","","","","",""
$366.00,"SIDDHARTH JAIN","","","","","","","",""
$367.00,"BAEKELAND MULTI PRODUCTS PVT. LTD.","","","","45, VILLAGE ALLAHADADPUR MUBARAK , ALLAHADADPUR MUBARAK, BIJNOR- 246733 (UTTAR PRADESH)","BIJHNOR","UP","09AAHCB4891Q1ZS","09"
$368.00,"S.P.SOLVENT LTD","","","","KASHIPUR RD, DASHMESH NAGAR, ,","RUDRAPUR-263153","UTTARAKHAND","05AAGCS8162G1Z9","05"
$369.00,"SYNDICATE AUTO COMPONENTS","","","","","","","",""
$370.00,"GOENKA ELECTRIC","","","","","","","",""
$371.00,"ASFA EDUCATION (P) LIMITED","","","","","","","",""
$372.00,"AASHIYANA ADVERTISERS","HARBEER SINGH","","","CHAKRADHARI DHARAMSHALA, KICHA","UDHAM SINGH NAGAR","UTTARAKHAND","05BYFPS6124M2Z1","05"
$373.00,"A K AGARWAL","","","","","","","",""
$374.00,"BRIJBIHARI CONCAST PRIVATE LIMITED","","","baalloyspvtltd@rediffmail.com","INDUSTRIAL AREA, VIKRAMPUR, BAZPUR,","UDHAM SINGH NAGAR","UTTARAKHAND","05AACCB5197N1ZA","05"
$375.00,"PVT LIMITED","","","","","","","",""
$376.00,"RAJEEV LOCHAN","","","","","","","",""
$377.00,"GANESH PRINTER","","","","","","","",""
$378.00,"AJAY KUMAR AGARWAL","","","","","","","",""
$379.00,"EXCEPTION STORE PVT LTD","","","","C-43 GANDHI NAGAR,","MORADABAD","UTTER PRADESH","09AAKCP9182D1Z0","09"
$380.00,"RENU DAYAL","","","","","","","",""
$381.00,"ALDE BAZAAR (A UNIT OF ALDE MEDI IMPEX LTD)","","","","MILAK CHAURAHA, 
MORA MUSTAKAM

 ASHIANA PHASE 2","MORADABAD","UP","09AABCA3529J1ZO","09"
$382.00,"MOHD. NAYEEM","","","","","","","",""
$383.00,"K T HANDICRAFTS","","","","C-67, GANDHI NAGAR","MORADABAD","UP","09AXMPT8890L1Z6","09"
$384.00,"NEHA GUPTA","","","","","","","",""
$385.00,"JAI GURUDEV INDUSTRIES","","","","KICHHA BYPASS RD,","RUDRAPUR","UTTARAKHAND","05AAKFJ9483G1ZY","05"
$386.00,"KOMAL SAHNI","","","","","","","",""
$387.00,"KUI HOME APPLIANCES COMPANY","","","","","","","",""
$388.00,"DWARIKA FOOD PRODUCT PVT LTD","","","","","","","",""
$389.00,"K U I ENTERPRISES","","","","","MORADABAD","UTTER PRADESH","09ANYPK5255E1ZH","09"
$390.00,"PLANET HOME/ PRIYAKA VENTURE","","","","","","","",""
$391.00,"FIDELITY ADVISORS","","","","","","","",""
$392.00,"DEEP ENTERPRISES","","","deepenter,mbd@gmail.com","MIG CE-2, RAM GANGA VIHAR, PHASE 1, NEAR SPORT STADIUM, KANTH ROAD","MORADABAD","UP","09CUZPS7593H1Z9","09"
$393.00,"NEW JAIN SCIENTIFIC INSTRUMENTS","","","","C-14, GANDHI NAGAR,","MORADABAD-244001","UTTAR PRADESH","",""
$394.00,"J M INTERNATIONAL","","","","MANJU NAGAR, RAMPUR ROAD","MORADABAD","UP","09AEFPJ8197Q1ZG","09"
$395.00,"RADHA KRISHAN ELECTRONICS","","","","3B/304 BUDHI VIHAR NEAR MOJHOLA POLICE CHOWKI, OPP. AMAR UJALA","MORADABAD","UP","09AAHFR4019B1ZH","09"
$396.00,"ANAND KUMAR'S PAYARE LAL JEWELS","","","","","","","",""
$397.00,"GULSHAN/ANUJ","","","","","","","",""
$398.00,"NIRMALA AUTOMOBILE","","","","1, ASHIYANA NEAR DOMINIS, KATNH ROAD, MORADABAD, MORADABAD, UTTAR PRADESH, 244001","MORADABAD-244001","UTTAR PRADESH","09AAIFN3301M1Z6","09"
$399.00,"SUBHAM PAL","","","","","","","",""
$400.00,"FAREED KHAN","","","","","","","",""
$401.00,"NARAYANI","","","","","","","",""
$402.00,"RUPESH KHANNA","","","","","","","",""
$403.00,"UMA GUPTA","","","","","","","",""
$404.00,"SUKHLAL","","","","","","","",""
$405.00,"MOHAMMAD ARIF","","","","","","","",""
$406.00,"RAM BHAROSE LAL","","","","","","","",""
$407.00,"SURENDER SINGH","","","","","","","",""
$408.00,"MOH. YUSUF","","","","","","","",""
$409.00,"MOH. YAKOOB","","","","","","","",""
$410.00,"KULDEEP SHARMA","","","","","","","",""
$411.00,"VINOD KUMAR SHARMA","","","","","","","",""
$412.00,"NEHA PARVEEN","","","","","","","",""
$413.00,"ARUN KUMAR","","","","","","","",""
$414.00,"GURJINDER SINGH","","","","","","","",""
$415.00,"SIMRAN GUPTA","","","","","","","",""
$416.00,"RED ROSE CONVENT SCHOOL","","","","","","","",""
$417.00,"ASHIF","","","","","","","",""
$418.00,"LAVISH AGARWAL","","","","","","","",""
$419.00,"HAKLAR INDIA OVERSEASE","","","","","MORADABAD","UP","09EANPK5845N1ZS","09"
$420.00,"PAAR SINGH","","","","","","","",""
$421.00,"NITIN TIWARI","","","","","","","",""
$422.00,"PREETY PAPER","","","","","","","",""
$423.00,"ALAMGIR KHAN","","","","","","","",""
$424.00,"RAHOT JAIN","","","","","","","",""
$425.00,"ROHIT JAIN","","","","","","","",""
$426.00,"KUWAR SINGH","","","","","","","",""
$427.00,"LIVING MEDIA INDIA LIMITED (INDIA TODAY GROUP)","","","","","","","",""
$428.00,"BHARTI ARORA","","","","","KASHIPUR","UTTRAKHAND","",""
$429.00,"MANOJ BANSAL","","","","","","","",""
$430.00,"GOLJU TRADERS","","","","","","","",""
$431.00,"SANDEEP KAUR","","","","","","","",""
$432.00,"KAMAL KANTA","","","","","","","",""
