"RcptCode","RcptNo","ROCode","RONo","RcptDate","RcptAmt","PayMode","ChqNo","BankName","Rmk"
$225.00,$1823.00,$494.00,$2548.00,14-3-2018 0:00:00,$6273.00,"CASH","","",""
$226.00,$1824.00,$275.00,$2329.00,16-3-2018 0:00:00,$50000.00,"NEFT / RTGS","---","KARNATAKA BANK LTD.",""
$227.00,$1825.00,$502.00,$2556.00,16-3-2018 0:00:00,$2400.00,"CASH","---","",""
$228.00,$1826.00,$511.00,$2565.00,17-3-2018 0:00:00,$231230.00,"CHEQUE","NEFT","KARNATAKA BANK LTD.",""
$229.00,$1827.00,$509.00,$2563.00,17-3-2018 0:00:00,$635.00,"CASH","--","",""
$230.00,$1828.00,$508.00,$2562.00,17-3-2018 0:00:00,$525.00,"CASH","","",""
$231.00,$1829.00,$413.00,$2467.00,14-3-2018 0:00:00,$52231.00,"CHEQUE","---","KARNATAKA BANK LTD.",""
$232.00,$1830.00,$382.00,$2436.00,20-3-2018 0:00:00,$1595.00,"CASH","","",""
$233.00,$1831.00,$368.00,$2422.00,20-3-2018 0:00:00,$20925.00,"CHEQUE","609277","VIJAYA BANK",""
$234.00,$1832.00,$466.00,$2520.00,22-3-2018 0:00:00,$6151.00,"NEFT / RTGS","","KARNATAKA BANK LTD.",""
$235.00,$1833.00,$409.00,$2463.00,22-3-2018 0:00:00,$20000.00,"CHEQUE","154436","STATE BANK OF INDIA",""
$236.00,$1834.00,$536.00,$2590.00,24-3-2018 0:00:00,$5900.00,"CHEQUE","003329","BANK OF BARODA",""
$237.00,$1835.00,$471.00,$2525.00,26-3-2018 0:00:00,$15005.00,"NEFT / RTGS","","KARNATAKA BANK LTD.",""
$238.00,$1836.00,$437.00,$2491.00,26-3-2018 0:00:00,$71267.00,"NEFT / RTGS","---","KARNATAKA BANK LTD.",""
$239.00,$1837.00,$534.00,$2588.00,26-3-2018 0:00:00,$603.00,"CASH","","",""
$240.00,$1838.00,$535.00,$2589.00,26-3-2018 0:00:00,$746.00,"CASH","","",""
$241.00,$1839.00,$468.00,$2522.00,23-3-2018 0:00:00,$304512.00,"CHEQUE","287582","PBN",""
$242.00,$1840.00,$547.00,$2601.00,27-3-2018 0:00:00,$1850.00,"CASH","","","AFTER DISCOUNT RS-26/-"
$243.00,$1841.00,$559.00,$2613.00,28-3-2018 0:00:00,$2500.00,"CASH","----","","AFTER DISCOUNT"
$204.00,$1802.00,$384.00,$2438.00,26-3-2018 0:00:00,$9416.00,"CHEQUE","000064","HDFC BANK",""
$244.00,$1842.00,$458.00,$2512.00,28-3-2018 0:00:00,$18051.00,"NEFT / RTGS","","KARNATAKA BANK LTD",""
$245.00,$1843.00,$478.00,$2532.00,28-3-2018 0:00:00,$22176.00,"NEFT / RTGS","","KARNATAKA BANK LTD.",""
$246.00,$1844.00,$451.00,$2505.00,24-3-2018 0:00:00,$3492.00,"CHEQUE","000402","BANK OF BARODA",""
$247.00,$1845.00,$475.00,$2529.00,2-3-2018 0:00:00,$54558.00,"CHEQUE","096051","AXIS BANK LTD.",""
$248.00,$1846.00,$465.00,$2519.00,31-3-2018 0:00:00,$94712.00,"NEFT / RTGS","---","KBANK","BILL NO - 2818 & BILL NO. 2819 CLEAR "
$249.00,$1847.00,$561.00,$2615.00,30-3-2018 0:00:00,$12000.00,"NEFT / RTGS","--","KARNATATAKA BANK LTD.","AFTER 5% DISCOUNT"
$250.00,$1848.00,$492.00,$2546.00,3-4-2018 0:00:00,$133560.00,"NEFT / RTGS","","KARNATAKA BANK LTD",""
$251.00,$1849.00,$578.00,$2632.00,4-4-2018 0:00:00,$894.00,"CASH","","","AFTER 5% DISCOUNT"
$252.00,$1850.00,$470.00,$2524.00,7-4-2018 0:00:00,$2500.00,"CASH","","",""
$253.00,$1851.00,$589.00,$2643.00,9-4-2018 0:00:00,$1870.00,"CASH","--","",""
$254.00,$1852.00,$581.00,$2635.00,7-4-2018 0:00:00,$66962.00,"CHEQUE","000830","HDFC","ONE PAYMENT OF 6 RO"
$255.00,$1853.00,$598.00,$2652.00,10-4-2018 0:00:00,$1870.00,"CASH","--","---","1788+ 89.4 (5% GST)= 1877.4"
$256.00,$1854.00,$590.00,$2644.00,10-4-2018 0:00:00,$200000.00,"NEFT / RTGS","","KARNATAKA BANK LTD",""
$257.00,$1855.00,$445.00,$2499.00,10-4-2018 0:00:00,$18832.00,"CHEQUE","","KARNATAKA BANK LTD",""
$258.00,$1856.00,$612.00,$2666.00,13-4-2018 0:00:00,$1780.00,"CASH","","",""
$259.00,$1857.00,$463.00,$2517.00,16-4-2018 0:00:00,$1700.00,"CHEQUE","383702","STATE BANK OF INDIA",""
$261.00,$1859.00,$454.00,$2508.00,18-4-2018 0:00:00,$11232.00,"NEFT / RTGS","","KARNATAKA BANK LTD.",""
$262.00,$1858.00,$433.00,$2487.00,18-4-2018 0:00:00,$16480.00,"NEFT / RTGS","","KARNATAKA BANK LTD.",""
$263.00,$1860.00,$635.00,$2689.00,19-4-2018 0:00:00,$300.00,"CHEQUE","--","--","AFTER RS. 15 DISCOUNT"
$264.00,$1861.00,$588.00,$2642.00,20-4-2018 0:00:00,$200000.00,"NEFT / RTGS","","KARNATAKA BANK LTD.",""
$265.00,$1862.00,$642.00,$2696.00,21-4-2018 0:00:00,$2734.00,"CHEQUE","107317","PNB","CHQ. NO 107317, PNB"
$266.00,$1863.00,$608.00,$2662.00,23-4-2018 0:00:00,$12700.00,"CHEQUE","000836","HDFC BANK",""
$267.00,$1864.00,$620.00,$2674.00,23-4-2018 0:00:00,$798.00,"CASH","","",""
$3.00,$1602.00,$46.00,$2106.00,25-7-2017 0:00:00,$2400.00,"CASH","`----`","----",""
$1.00,$1604.00,$37.00,$2098.00,15-7-2017 0:00:00,$2597.00,"CASH","---","---","-----"
$5.00,$1605.00,$51.00,$2082.00,29-7-2017 0:00:00,$14124.00,"CHEQUE","521996","PNB","RO- 2082"
$6.00,$1606.00,$23.00,$2084.00,13-7-2017 0:00:00,$2500.00,"CASH","--","----","AFTER DISCOUNT RS. 49/-"
$7.00,$1607.00,$29.00,$2089.00,14-7-2017 0:00:00,$800.00,"CASH","","","-----"
$9.00,$1609.00,$17.00,$2078.00,8-7-2017 0:00:00,$1876.00,"CASH","","",""
$10.00,$1608.00,$16.00,$2077.00,8-7-2017 0:00:00,$940.00,"CASH","","",""
$11.00,$1610.00,$13.00,$2075.00,8-7-2017 0:00:00,$4453.00,"","","","AFTER 5% DISCOUNT"
$12.00,$1611.00,$14.00,$2076.00,8-7-2017 0:00:00,$1975.00,"","","","AFTER 5% DISCOUNT"
$13.00,$1612.00,$11.00,$2073.00,8-7-2017 0:00:00,$1780.00,"CASH","","",""
$14.00,$1613.00,$10.00,$2072.00,7-7-2017 0:00:00,$1780.00,"CASH","","",""
$15.00,$1614.00,$33.00,$2096.00,22-7-2017 0:00:00,$1877.00,"CASH","--","","----"
$17.00,$1616.00,$35.00,$2097.00,30-7-2017 0:00:00,$7200.00,"CASH","---","-----","AFTER DISCOUNT"
$18.00,$1617.00,$1.00,$2064.00,15-7-2017 0:00:00,$200000.00,"NEFT / RTGS","----","KARNATAKA BANK LTD.",""
$19.00,$1618.00,$18.00,$2079.00,26-7-2017 0:00:00,$200000.00,"NEFT / RTGS","---","KARNATAKA BANK LTD.",""
$21.00,$1620.00,$69.00,$2127.00,3-8-2017 0:00:00,$2050.00,"CASH","---","----",""
$16.00,$1615.00,$3.00,$2066.00,3-7-2017 0:00:00,$5840.00,"CASH","---","-----","------"
$22.00,$1621.00,$77.00,$2131.00,4-8-2017 0:00:00,$2600.00,"CASH","---","----","AFTER DISCOUNT"
$23.00,$1622.00,$22.00,$2083.00,9-8-2017 0:00:00,$5000.00,"CHEQUE","193522","BANK OF BATIALA","RO- 2083"
$24.00,$1623.00,$98.00,$2152.00,12-8-2017 0:00:00,$2600.00,"CASH","","","AFTER DISCOUNDT"
$25.00,$1624.00,$99.00,$2153.00,12-8-2017 0:00:00,$1050.00,"CASH","","","-----"
$26.00,$1625.00,$109.00,$2163.00,16-8-2017 0:00:00,$3290.00,"CASH","","","AFTER 5% DISCOUNT."
$20.00,$1619.00,$65.00,$2123.00,1-8-2017 0:00:00,$1780.00,"CASH","----","-----","AFTER 5% DISCOUNT."
$27.00,$1626.00,$78.00,$2132.00,5-8-2017 0:00:00,$1800.00,"CASH","---","-----","AFTER DISCOUNT OF 77/-"
$28.00,$1627.00,$79.00,$2133.00,5-8-2017 0:00:00,$1800.00,"CASH","--","----","DISCOUNT - RS. 77"
$29.00,$1628.00,$111.00,$2165.00,16-8-2017 0:00:00,$2400.00,"CASH","----","-------","AFTER DISCOUNT"
$30.00,$1629.00,$112.00,$2166.00,16-8-2017 0:00:00,$1064.00,"CASH","---","-----","894+120(4 EXTRA WORDS)+50.7 (5%GST)"
$2.00,$1601.00,$5.00,$2067.00,25-7-2017 0:00:00,$8240.00,"CASH","----","------","CASH"
$4.00,$1603.00,$52.00,$2090.00,17-7-2017 0:00:00,$2500.00,"CHEQUE","004780","ALLAHABAD BANK","MAKING CARGES 004780"
$33.00,$1632.00,$60.00,$2118.00,19-8-2017 0:00:00,$7057.00,"CHEQUE","134594","PBN","COMBINED PAYMENT- 2041, 2118"
$34.00,$1633.00,$96.00,$2150.00,19-8-2017 0:00:00,$7000.00,"CHEQUE","193526","STATEBANK OF BATIALA","RO - 2124, 2150"
$35.00,$1634.00,$24.00,$2085.00,2-8-2017 0:00:00,$50596.00,"CHEQUE","000850","HDFT",""
$36.00,$1635.00,$44.00,$2104.00,31-7-2017 0:00:00,$36372.00,"NEFT / RTGS","","",""
$37.00,$1636.00,$61.00,$2119.00,25-8-2017 0:00:00,$8240.00,"CHEQUE","716849","PNB",""
$38.00,$1637.00,$70.00,$2128.00,19-8-2017 0:00:00,$200000.00,"CASH","","",""
$39.00,$1638.00,$40.00,$2100.00,29-8-2017 0:00:00,$9425.00,"CHEQUE","755798","PNB",""
$40.00,$1639.00,$41.00,$2101.00,28-8-2017 0:00:00,$13493.00,"CHEQUE","755796","PNB",""
$42.00,$1641.00,$137.00,$2191.00,1-9-2017 0:00:00,$400.00,"CASH","","",""
$43.00,$1642.00,$138.00,$2192.00,1-9-2017 0:00:00,$400.00,"CASH","","",""
$44.00,$1643.00,$126.00,$2180.00,4-9-2017 0:00:00,$1700.00,"CASH","","",""
$45.00,$1644.00,$127.00,$2181.00,4-9-2017 0:00:00,$1800.00,"CASH","","",""
$58.00,$1657.00,$147.00,$2201.00,9-9-2017 0:00:00,$938.00,"CASH","---","----","---"
$32.00,$1631.00,$103.00,$2157.00,18-8-2017 0:00:00,$11417.00,"CASH","004792","",""
$195.00,$1793.00,$421.00,$2475.00,16-2-2018 0:00:00,$200000.00,"NEFT / RTGS","","KARNATAKA BANK LTD.",""
$46.00,$1645.00,$142.00,$2196.00,5-9-2017 0:00:00,$2420.00,"CASH","","","AFTER DISCOUNT 5%"
$48.00,$1647.00,$9.00,$2071.00,1-1-2001 0:00:00,$1800.00,"NEFT / RTGS","","","NEFT DEEPAK ACCOUNT"
$49.00,$1648.00,$97.00,$2151.00,1-1-2001 0:00:00,$3531.00,"CASH","","",""
$50.00,$1649.00,$68.00,$2126.00,1-1-2001 0:00:00,$475.00,"","","",""
$51.00,$1650.00,$143.00,$2197.00,6-9-2017 0:00:00,$1800.00,"NEFT / RTGS","","KARNATAKA BANK LTD.","AFTER DISCOUNT"
$54.00,$1653.00,$59.00,$2117.00,7-9-2017 0:00:00,$21186.00,"CHEQUE","999409","SBI",""
$55.00,$1654.00,$125.00,$2179.00,29-8-2017 0:00:00,$10000.00,"CASH","","",""
$56.00,$1655.00,$129.00,$2183.00,30-8-2017 0:00:00,$5513.00,"CASH","","",""
$57.00,$1656.00,$117.00,$2171.00,4-8-2017 0:00:00,$858000.00,"NEFT / RTGS","","KARNATAKA BANK LTD",""
$59.00,$1658.00,$83.00,$2137.00,9-9-2017 0:00:00,$9770.00,"CHEQUE","353802","PUNJAB NATIONAL BANK ",""
$61.00,$1660.00,$75.00,$2129.00,11-9-2017 0:00:00,$51065.06,"CHEQUE","000880","HDFC BANK","RO-2095 AND 2129"
$63.00,$1662.00,$154.00,$2208.00,13-9-2017 0:00:00,$3290.00,"CASH","----","-----","AFTER 5 % DISCOUNT"
$60.00,$1659.00,$8.00,$2070.00,2-8-2017 0:00:00,$50596.00,"CHEQUE","000850","HDFC",""
$65.00,$1664.00,$6.00,$2068.00,20-9-2017 0:00:00,$94256.00,"CHEQUE","700955","CANARA BANK ",""
$66.00,$1665.00,$71.00,$2057.00,19-9-2017 0:00:00,$82231.00,"CHEQUE","NEFT","KARNATAKA BANK",""
$64.00,$1663.00,$104.00,$2158.00,15-9-2017 0:00:00,$23453.00,"CHEQUE","586310","SYNDICATE BANK",""
$67.00,$1661.00,$157.00,$2211.00,11-9-2017 0:00:00,$70200.00,"CHEQUE","211911","PNB",""
$52.00,$1651.00,$135.00,$2189.00,11-9-2017 0:00:00,$1000.00,"NEFT / RTGS","NEFT","KARNATAKA BANK LTD",""
$53.00,$1652.00,$135.00,$2189.00,11-9-2017 0:00:00,$10129.00,"NEFT / RTGS","NEFT","KARNATAKA BANK LTD.",""
$68.00,$1666.00,$145.00,$2199.00,9-9-2017 0:00:00,$200000.00,"NEFT / RTGS","NEFT","KARNATAKA BANK LTD.",""
$69.00,$1667.00,$165.00,$2219.00,25-9-2017 0:00:00,$27469.26,"CASH","---","----","ADJUST IN 40,000/-"
$70.00,$1668.00,$176.00,$2230.00,25-9-2017 0:00:00,$1595.79,"CASH","---","----","ADJUST IN 40 THOUSANDS"
$71.00,$1669.00,$180.00,$2234.00,25-9-2017 0:00:00,$300.00,"CASH","---","-----","AFTER DISCOUNT"
$72.00,$1670.00,$132.00,$2186.00,19-9-2017 0:00:00,$23454.00,"CASH","----","----","RO- 2186"
$73.00,$1671.00,$72.00,$2059.00,26-9-2017 0:00:00,$87713.00,"NEFT / RTGS","----","KARNATAKA BANK LTD.",""
$74.00,$1672.00,$184.00,$2238.00,27-9-2017 0:00:00,$470.00,"CASH","----","------","PUBLISH DATE - 29-9-2017"
$75.00,$1673.00,$122.00,$2176.00,29-9-2017 0:00:00,$8240.00,"CASH","---","---","CASH"
$76.00,$1674.00,$179.00,$2233.00,3-10-2017 0:00:00,$9200.00,"CASH","---","----",""
$77.00,$1675.00,$156.00,$2210.00,29-9-2017 0:00:00,$47128.00,"CHEQUE","814711","SYNDICATE BANK",""
$78.00,$1676.00,$162.00,$2216.00,26-9-2017 0:00:00,$4947.00,"NEFT / RTGS","----","KARNATAKA BANK LTD.","RO- 2215 & 2216"
$79.00,$1677.00,$42.00,$2102.00,29-8-2017 0:00:00,$31780.00,"CHEQUE","910005","PNB","RO- 2102"
$80.00,$1678.00,$190.00,$2244.00,5-10-2017 0:00:00,$470.00,"CASH","--","----","---"
$81.00,$1679.00,$131.00,$2185.00,6-10-2017 0:00:00,$51065.00,"CHEQUE","000917","HDFC","RO- 2162 & 2185"
$82.00,$1680.00,$181.00,$2235.00,11-10-2017 0:00:00,$51065.00,"CHEQUE","000928","HDFC BANK",""
$83.00,$1681.00,$144.00,$2198.00,11-10-2017 0:00:00,$23453.00,"NEFT / RTGS","---","KARNATAK BANK LTD.",""
$84.00,$1682.00,$189.00,$2243.00,5-10-2017 0:00:00,$2000.00,"CASH","---","------","3 RUPEE DISCOUNT"
$85.00,$1683.00,$200.00,$2254.00,13-10-2017 0:00:00,$86656.00,"CHEQUE","028335","ALLAHABAD BANK",""
$86.00,$1684.00,$209.00,$2263.00,14-10-2017 0:00:00,$367.50,"CASH","---","","----"
$87.00,$1685.00,$210.00,$2264.00,14-10-2017 0:00:00,$457.50,"CASH","--","----","----"
$88.00,$1686.00,$47.00,$2107.00,16-10-2017 0:00:00,$32957.00,"CHEQUE","910015","PUNJAB NATIONAL BANK",""
$89.00,$1687.00,$215.00,$2269.00,18-10-2017 0:00:00,$1800.00,"CASH","----","----",""
$47.00,$1646.00,$92.00,$2146.00,24-8-2017 0:00:00,$2500.00,"CASH","","",""
$90.00,$1688.00,$105.00,$2159.00,23-10-2017 0:00:00,$40000.00,"CHEQUE","148148","SBI",""
$91.00,$1689.00,$107.00,$2161.00,23-10-2017 0:00:00,$19125.00,"CHEQUE","681131","PNB",""
$92.00,$1690.00,$221.00,$2275.00,24-10-2017 0:00:00,$2790.00,"CASH","","",""
$93.00,$1691.00,$216.00,$2270.00,25-10-2017 0:00:00,$34531.00,"CHEQUE","190470","PNB",""
$94.00,$1692.00,$192.00,$2246.00,25-10-2017 0:00:00,$4600.00,"CASH","","",""
$95.00,$1693.00,$223.00,$2277.00,26-10-2017 0:00:00,$420.00,"CASH","---","----",""
$96.00,$1694.00,$224.00,$2278.00,26-10-2017 0:00:00,$561.75,"CASH","---","----",""
$97.00,$1695.00,$225.00,$2279.00,27-10-2017 0:00:00,$938.00,"CASH","---","","--"
$98.00,$1696.00,$226.00,$2280.00,28-10-2017 0:00:00,$894.00,"CHEQUE","002407","ICICI BANK","AFTER 5% DISCOUNT"
$99.00,$1697.00,$185.00,$2239.00,28-10-2017 0:00:00,$14125.00,"CHEQUE","044291","J&K BANK ","RO-2239 "
$101.00,$1699.00,$195.00,$2249.00,30-10-2017 0:00:00,$1800.00,"NEFT / RTGS","","","AFTER DISCOUNT"
$102.00,$1700.00,$228.00,$2282.00,1-11-2017 0:00:00,$3300.00,"CASH","","","AFTER 5% DISCOUNT"
$103.00,$1701.00,$204.00,$2258.00,8-11-2017 0:00:00,$259828.00,"NEFT / RTGS","---","----","IN KARNATAKA BANK LTD."
$104.00,$1702.00,$183.00,$2237.00,10-11-2017 0:00:00,$9416.00,"CHEQUE","000244","KOTAK MAHINDRA BANK",""
$105.00,$1703.00,$178.00,$2232.00,26-10-2017 0:00:00,$44648.00,"CHEQUE","814761","SYNDICATE BANK",""
$106.00,$1704.00,$231.00,$2285.00,10-11-2017 0:00:00,$470.00,"CASH","","",""
$108.00,$1706.00,$220.00,$2274.00,15-11-2017 0:00:00,$51065.05,"CHEQUE","000982","HDFC",""
$109.00,$1707.00,$242.00,$2296.00,15-11-2017 0:00:00,$2000.00,"CASH","","","MAKING CHARGES"
$110.00,$1708.00,$45.00,$2105.00,16-11-2017 0:00:00,$16480.00,"CHEQUE","619689","PNB",""
$111.00,$1709.00,$264.00,$2318.00,25-11-2017 0:00:00,$4000.00,"CASH","","","AFTER DISCOUNT"
$112.00,$1710.00,$212.00,$2266.00,30-11-2017 0:00:00,$23009.00,"CHEQUE","683601","PNB",""
$113.00,$1711.00,$269.00,$2323.00,28-11-2017 0:00:00,$315.00,"CASH","","",""
$114.00,$1712.00,$270.00,$2324.00,28-11-2017 0:00:00,$2568.00,"CASH","","",""
$115.00,$1713.00,$218.00,$2272.00,30-11-2017 0:00:00,$44646.00,"CHEQUE","023666","BANK OF BARODA",""
$116.00,$1714.00,$246.00,$2300.00,30-11-2017 0:00:00,$10500.00,"CHEQUE","","",""
$117.00,$1715.00,$247.00,$2301.00,1-12-2017 0:00:00,$2600.00,"CASH","","",""
$107.00,$1705.00,$191.00,$2245.00,14-11-2017 0:00:00,$23453.00,"NEFT / RTGS","---","---",""
$118.00,$1716.00,$271.00,$2325.00,2-12-2017 0:00:00,$1850.00,"CASH","","","AFTER DISCOUNT OF RS. 27.4"
$119.00,$1717.00,$272.00,$2326.00,4-12-2017 0:00:00,$1000.00,"NEFT / RTGS","","",""
$120.00,$1718.00,$272.00,$2326.00,5-12-2017 0:00:00,$36800.00,"NEFT / RTGS","","",""
$121.00,$1719.00,$248.00,$2302.00,21-11-2017 0:00:00,$890.00,"CASH","","","AFTER DISCOUNT"
$122.00,$1720.00,$285.00,$2339.00,9-12-2017 0:00:00,$9240.00,"CASH","","","AFTER DISCOUNT"
$123.00,$1721.00,$278.00,$2332.00,30-11-2017 0:00:00,$2549.00,"CASH","","",""
$124.00,$1722.00,$175.00,$2229.00,13-12-2017 0:00:00,$8240.00,"CASH","","",""
$125.00,$1723.00,$254.00,$2308.00,13-12-2017 0:00:00,$560.00,"CASH","","",""
$126.00,$1724.00,$309.00,$2363.00,14-12-2017 0:00:00,$4080.00,"CASH","","",""
$127.00,$1725.00,$306.00,$2360.00,5-12-2017 0:00:00,$100000.00,"NEFT / RTGS","","","SIRMAUR SOAP FACTORY"
$128.00,$1726.00,$313.00,$2367.00,15-12-2017 0:00:00,$100000.00,"NEFT / RTGS","","","SIRMAUR SOAP FACTORY"
$129.00,$1727.00,$256.00,$2310.00,15-12-2017 0:00:00,$43856.00,"NEFT / RTGS","","","RO- 2309, 2310"
$130.00,$1728.00,$243.00,$2297.00,17-12-2017 0:00:00,$51330.06,"CHEQUE","001026","HDFC BANK",""
$131.00,$1729.00,$291.00,$2345.00,16-12-2017 0:00:00,$6151.00,"NEFT / RTGS","","","AFTER  10 %  DISCOUNT"
$132.00,$1730.00,$232.00,$2286.00,18-12-2017 0:00:00,$42848.00,"CHEQUE","148150","SBI",""
$133.00,$1731.00,$233.00,$2287.00,18-12-2017 0:00:00,$27978.00,"CHEQUE","681138","PNB",""
$134.00,$1732.00,$284.00,$2338.00,20-12-2017 0:00:00,$2600.00,"CASH","","","AFTER 5% DISCOUNT."
$135.00,$1733.00,$229.00,$2283.00,14-12-2017 0:00:00,$23453.00,"","","",""
$136.00,$1734.00,$322.00,$2376.00,20-12-2017 0:00:00,$100000.00,"NEFT / RTGS","","",""
$100.00,$1698.00,$227.00,$2281.00,30-10-2017 0:00:00,$100000.00,"NEFT / RTGS","","","ADVANCE"
$137.00,$1735.00,$120.00,$2174.00,21-12-2017 0:00:00,$31222.00,"CHEQUE","910018","PNB","AFTER 10% DISCOUNT"
$138.00,$1736.00,$317.00,$2371.00,26-12-2017 0:00:00,$4083.00,"NEFT / RTGS","","",""
$139.00,$1737.00,$219.00,$2273.00,26-12-2017 0:00:00,$8240.00,"CASH","----","----",""
$140.00,$1738.00,$236.00,$2290.00,2-1-2018 0:00:00,$23009.00,"CHEQUE","220312","PNB",""
$141.00,$1739.00,$337.00,$2391.00,26-12-2017 0:00:00,$950.00,"CASH","","",""
$142.00,$1740.00,$240.00,$2294.00,23-12-2017 0:00:00,$44648.00,"CHEQUE","814583","SYNDICATE BANK ",""
$143.00,$1741.00,$343.00,$2397.00,28-12-2017 0:00:00,$300.00,"CASH","","","AFTER DISCOUNT - RS. 15/-"
$144.00,$1742.00,$207.00,$2261.00,30-12-2017 0:00:00,$28664.00,"NEFT / RTGS","--","----","AFTER LESS TDS"
$145.00,$1743.00,$330.00,$2384.00,26-12-2017 0:00:00,$23100.00,"NEFT / RTGS","","",""
$146.00,$1744.00,$214.00,$2268.00,1-1-2001 0:00:00,$13416.00,"CHEQUE","","SYNDICATE BANK",""
$147.00,$1745.00,$261.00,$2315.00,4-1-2018 0:00:00,$81803.00,"CHEQUE","","",""
$148.00,$1746.00,$327.00,$2381.00,5-1-2018 0:00:00,$7914.00,"NEFT / RTGS","","",""
$149.00,$1747.00,$357.00,$2411.00,5-1-2018 0:00:00,$2354.00,"CHEQUE","348994","KARNATATAKA BANK LTD.",""
$150.00,$1748.00,$356.00,$2410.00,6-1-2018 0:00:00,$25920.00,"CHEQUE","014451","DENA BANK","TOI ADVT DEAL PAYMENT."
$151.00,$1749.00,$359.00,$2413.00,6-1-2018 0:00:00,$938.00,"CASH","","",""
$152.00,$1750.00,$372.00,$2426.00,9-1-2018 0:00:00,$200000.00,"NEFT / RTGS","","KARNATAKA BANK LTD.","SIRMAUR SOAP FACTORY"
$153.00,$1751.00,$358.00,$2412.00,5-1-2018 0:00:00,$2000.00,"CASH","","",""
$154.00,$1752.00,$358.00,$2412.00,5-1-2018 0:00:00,$1150.00,"CASH","","",""
$155.00,$1753.00,$373.00,$2427.00,8-1-2018 0:00:00,$150.00,"CASH","","",""
$156.00,$1754.00,$376.00,$2430.00,11-1-2018 0:00:00,$3990.00,"CASH","CASH","CASH","AMAR UJALA & DAINIK JAGRAN ADVT"
$157.00,$1755.00,$338.00,$2392.00,13-1-2018 0:00:00,$4500.00,"CASH","","",""
$159.00,$1757.00,$293.00,$2347.00,16-1-2018 0:00:00,$3500.00,"CHEQUE","009215","PRATHAMA BANK",""
$158.00,$1756.00,$348.00,$2402.00,15-1-2018 0:00:00,$10476.00,"CHEQUE","000171","BANK OF BARODA","PAYMENT OF 3 ADVT"
$161.00,$1759.00,$344.00,$2398.00,17-1-2018 0:00:00,$7062.00,"CASH","","","CASH PAYMENT"
$162.00,$1760.00,$389.00,$2443.00,18-1-2018 0:00:00,$2400.00,"CASH","","","5% DICOUNT"
$163.00,$1761.00,$266.00,$2320.00,17-1-2018 0:00:00,$87713.00,"NEFT / RTGS","---","KARNATAKA BANK LTD.",""
$160.00,$1758.00,$276.00,$2330.00,15-1-2018 0:00:00,$19742.00,"NEFT / RTGS","----","KARNATAKA BANK LTD.","AFTER LESS TDS"
$164.00,$1762.00,$320.00,$2374.00,19-1-2018 0:00:00,$44500.00,"CHEQUE","284544","AXIS BANK",""
$165.00,$1763.00,$290.00,$2344.00,6-1-2018 0:00:00,$9416.00,"CHEQUE","341019","AXIS BANK",""
$166.00,$1764.00,$399.00,$2453.00,22-1-2018 0:00:00,$472.50,"CASH","--","---","--"
$167.00,$1765.00,$400.00,$2454.00,22-1-2018 0:00:00,$308.00,"CASH","","","AFTER RS. 7/- DISCOUNT"
$168.00,$1766.00,$374.00,$2428.00,23-1-2018 0:00:00,$200000.00,"NEFT / RTGS","----","KARNATAKA BANK LTD.",""
$169.00,$1767.00,$331.00,$2385.00,16-1-2018 0:00:00,$25000.00,"NEFT / RTGS","","KBANK",""
$170.00,$1768.00,$350.00,$2404.00,23-1-2018 0:00:00,$11550.00,"NEFT / RTGS","","KARNATAKA BANK",""
$171.00,$1769.00,$307.00,$2361.00,24-1-2018 0:00:00,$7002.00,"NEFT / RTGS","","KARNATAKA BANK LTD",""
$172.00,$1770.00,$274.00,$2328.00,24-1-2018 0:00:00,$23690.00,"CASH","","",""
$173.00,$1771.00,$406.00,$2460.00,25-1-2018 0:00:00,$40000.00,"CHEQUE","CASH","---","PAYMENT FOR ADVT IN WAVE AND PVR CINEMA"
$174.00,$1772.00,$361.00,$2415.00,18-1-2018 0:00:00,$1814.00,"NEFT / RTGS","","KARNATAKA BANK LTD",""
$175.00,$1773.00,$310.00,$2364.00,17-1-2018 0:00:00,$4700.00,"CASH","","",""
$176.00,$1774.00,$408.00,$2462.00,25-1-2018 0:00:00,$4360.00,"CASH","","","AFTER DISCOUNT"
$177.00,$1775.00,$273.00,$2327.00,29-1-2018 0:00:00,$7060.00,"CHEQUE","","KARNATAKA BANK LTD","J & K BANK- 056547"
$179.00,$1777.00,$410.00,$2464.00,29-1-2018 0:00:00,$5810.00,"CHEQUE","001008","ICICI BANK ",""
$185.00,$1783.00,$365.00,$2419.00,29-1-2018 0:00:00,$20007.00,"CHEQUE","001091","HDFC BANK",""
$180.00,$1778.00,$287.00,$2341.00,1-2-2018 0:00:00,$23010.00,"CHEQUE","220351","PNB",""
$181.00,$1779.00,$334.00,$2388.00,30-1-2018 0:00:00,$18832.00,"CHEQUE","146583","PRATHAMA BANK",""
$182.00,$1780.00,$340.00,$2394.00,31-1-2018 0:00:00,$82231.00,"NEFT / RTGS","","KARNATAKA BANK LTD.",""
$183.00,$1781.00,$369.00,$2423.00,1-2-2018 0:00:00,$9416.00,"CASH","","",""
$184.00,$1782.00,$296.00,$2350.00,22-1-2018 0:00:00,$4708.00,"NEFT / RTGS","","KARNATAKA BANK LTD.",""
$186.00,$1784.00,$241.00,$2295.00,3-2-2018 0:00:00,$8240.00,"NEFT / RTGS","","KARNATAKA BANK LTD",""
$187.00,$1785.00,$312.00,$2366.00,5-2-2018 0:00:00,$46788.00,"NEFT / RTGS","-","KARNATAKA BANK LTD",""
$188.00,$1786.00,$387.00,$2441.00,5-2-2018 0:00:00,$3531.00,"CHEQUE","881004","STATE BANK OF INDIA",""
$189.00,$1787.00,$415.00,$2469.00,29-1-2018 0:00:00,$938.00,"CASH","","",""
$190.00,$1788.00,$355.00,$2409.00,9-2-2018 0:00:00,$10000.00,"CASH","","",""
$191.00,$1789.00,$362.00,$2416.00,10-2-2018 0:00:00,$10000.00,"CASH","","",""
$193.00,$1791.00,$130.00,$2184.00,29-8-2017 0:00:00,$200000.00,"NEFT / RTGS","","","SIRMAUR SOAP ALLIED"
$194.00,$1792.00,$174.00,$2228.00,27-9-2017 0:00:00,$100000.00,"NEFT / RTGS","","","SIRMAUR SOAP ALLIED"
$101.00,$1699.00,$227.00,$2281.00,4-10-2017 0:00:00,$200000.00,"NEFT / RTGS","","","SIRMAUR SOAP ALLIED"
$192.00,$1790.00,$430.00,$2484.00,10-2-2018 0:00:00,$900.00,"CASH","","",""
$196.00,$1794.00,$392.00,$2446.00,4-3-2018 0:00:00,$4708.00,"CHEQUE","002148","KARNATAKA BANK LTD.",""
$197.00,$1795.00,$394.00,$2448.00,27-2-2018 0:00:00,$6796.00,"CHEQUE","002147","KARNATAKA BANK LTD.",""
$198.00,$1796.00,$407.00,$2461.00,23-2-2018 0:00:00,$19207.00,"CHEQUE","000463","KARNATAKA BANK LTD.",""
$199.00,$1797.00,$380.00,$2434.00,22-2-2018 0:00:00,$4410.00,"CHEQUE","268063","SYNDICATE BANK",""
$200.00,$1798.00,$379.00,$2433.00,23-2-2018 0:00:00,$34170.00,"CHEQUE","284566","AXIS BANK LTD",""
$201.00,$1799.00,$453.00,$2507.00,24-2-2018 0:00:00,$930.00,"CASH","---","-----",""
$202.00,$1800.00,$342.00,$2396.00,26-2-2018 0:00:00,$87713.00,"NEFT / RTGS","","KARNATAKA BANK LTD",""
$203.00,$1801.00,$412.00,$2466.00,26-2-2018 0:00:00,$30000.00,"NEFT / RTGS","","KARNATAKA BANK LTD","DAINIK JAGRAN"
$205.00,$1803.00,$386.00,$2440.00,27-2-2018 0:00:00,$7060.00,"CASH","","",""
$206.00,$1804.00,$404.00,$2458.00,27-2-2018 0:00:00,$18191.00,"CHEQUE","268256","SYNDICATE BANK ",""
$207.00,$1805.00,$452.00,$2506.00,24-3-2018 0:00:00,$2646.00,"CHEQUE","268255","SYNICATE BANK",""
$208.00,$1806.00,$436.00,$2490.00,28-2-2018 0:00:00,$9416.00,"NEFT / RTGS","","KARNATAKA BANK LTD",""
$209.00,$1807.00,$461.00,$2515.00,1-3-2018 0:00:00,$5100.00,"CASH","","","AFTER DISCOUNT"
$210.00,$1808.00,$385.00,$2439.00,3-3-2018 0:00:00,$14124.00,"CHEQUE","497975","AXIS BANK LTD.",""
$211.00,$1809.00,$448.00,$2502.00,5-3-2018 0:00:00,$11800.00,"CASH","","",""
$212.00,$1810.00,$397.00,$2451.00,5-3-2018 0:00:00,$20000.00,"NEFT / RTGS","","","NEFT "
$213.00,$1811.00,$383.00,$2437.00,1-1-2001 0:00:00,$2350.00,"CHEQUE","000261","KOTAK MAHINDRA BANK",""
$214.00,$1812.00,$377.00,$2431.00,6-3-2018 0:00:00,$9000.00,"CHEQUE","341124","AXIS BANK LTD",""
$215.00,$1813.00,$393.00,$2447.00,6-3-2018 0:00:00,$18713.00,"NEFT / RTGS","","KARNATAKA BANK LTD",""
$216.00,$1814.00,$469.00,$2523.00,6-3-2018 0:00:00,$930.00,"CASH","","",""
$217.00,$1815.00,$426.00,$2480.00,7-3-2018 0:00:00,$14000.00,"CASH","","",""
$218.00,$1816.00,$473.00,$2527.00,7-3-2018 0:00:00,$200000.00,"NEFT / RTGS","","KARNATAKA BANK LTD",""
$219.00,$1817.00,$460.00,$2514.00,28-2-2018 0:00:00,$2500.00,"CASH","","",""
$220.00,$1818.00,$477.00,$2531.00,10-3-2018 0:00:00,$1876.00,"CASH","--","--",""
$221.00,$1819.00,$323.00,$2377.00,11-3-2018 0:00:00,$8240.00,"CASH","","",""
$222.00,$1820.00,$295.00,$2349.00,12-3-2018 0:00:00,$2354.00,"CHEQUE","578155","STATE BANK OF INDIA",""
$223.00,$1821.00,$371.00,$2425.00,12-3-2018 0:00:00,$18832.00,"CHEQUE","147608","PRATHMA BANK LTD.",""
$224.00,$1822.00,$428.00,$2482.00,14-3-2018 0:00:00,$17811.00,"NEFT / RTGS","","KARNATAKA BANK LTD.",""
$268.00,$1865.00,$647.00,$2701.00,24-4-2018 0:00:00,$1270.00,"CASH","","",""
$269.00,$1866.00,$434.00,$2488.00,25-4-2018 0:00:00,$9832.00,"CHEQUE","363562","AXIS BANK",""
$270.00,$1867.00,$431.00,$2485.00,25-4-2018 0:00:00,$34170.00,"CHEQUE","284496","AXIS BANK.",""
$271.00,$1868.00,$360.00,$2414.00,23-3-2018 0:00:00,$13735.00,"CHEQUE","050121","DENA BANK ",""
$272.00,$1869.00,$538.00,$2592.00,26-4-2018 0:00:00,$100000.00,"NEFT / RTGS","---","KARNATAKA BANK LTD.",""
$273.00,$1870.00,$656.00,$2710.00,27-4-2018 0:00:00,$4000.00,"CASH","---","---","AFTER DISCOUNT OF RS.95/-"
$274.00,$1871.00,$459.00,$2513.00,26-4-2018 0:00:00,$50000.00,"CHEQUE","211500","INDIAN OVERSEAS BANK",""
$275.00,$1872.00,$652.00,$2706.00,26-4-2018 0:00:00,$420.00,"CASH","","",""
$276.00,$1873.00,$653.00,$2707.00,26-4-2018 0:00:00,$300.00,"CASH","","","RS. 15/- DISCOUNT"
$277.00,$1874.00,$666.00,$2720.00,1-5-2018 0:00:00,$300.00,"CASH","","","RS-15/- DISCOUNT"
$278.00,$1875.00,$378.00,$2432.00,2-5-2018 0:00:00,$62365.00,"NEFT / RTGS","","","AFTER TDS -"
$279.00,$1876.00,$572.00,$2626.00,2-5-2018 0:00:00,$140255.00,"CHEQUE","121441","PUNJAB NATIONAL BANK",""
$280.00,$1877.00,$673.00,$2727.00,4-5-2018 0:00:00,$938.00,"CASH","","",""
$281.00,$1878.00,$674.00,$2728.00,4-5-2018 0:00:00,$1788.00,"CHEQUE","CASH","","AFTER 5% DISCOUNT"
$282.00,$1879.00,$601.00,$2655.00,5-5-2018 0:00:00,$13410.00,"CHEQUE","552179","YES BANK",""
$283.00,$1880.00,$632.00,$2686.00,6-5-2018 0:00:00,$5304.00,"CHEQUE","406748","YES BANK",""
$284.00,$1881.00,$629.00,$2683.00,5-5-2018 0:00:00,$10012.00,"CHEQUE","982579","INDUSLAND BANK",""
$285.00,$1882.00,$546.00,$2600.00,1-5-2018 0:00:00,$22516.00,"CHEQUE","052851","DENA BANK",""
$286.00,$1883.00,$638.00,$2692.00,10-5-2018 0:00:00,$234990.00,"NEFT / RTGS","","",""
$287.00,$1884.00,$486.00,$2540.00,2-5-2018 0:00:00,$9416.00,"CHEQUE","224268","AXIS BANK",""
$288.00,$1885.00,$551.00,$2605.00,15-5-2018 0:00:00,$27783.00,"NEFT / RTGS","---","KARNATAKA BANK LTD.",""
$289.00,$1886.00,$661.00,$2715.00,16-5-2018 0:00:00,$34524.00,"NEFT / RTGS","---","KARNATAKA BANK LTD.",""
$290.00,$1887.00,$671.00,$2725.00,15-5-2018 0:00:00,$200000.00,"NEFT / RTGS","---","KARNATAKA BANK LTD.",""
$291.00,$1888.00,$677.00,$2731.00,5-5-2018 0:00:00,$1830.00,"CASH","","",""
$292.00,$1889.00,$668.00,$2722.00,17-5-2018 0:00:00,$2360.00,"CASH","","",""
$293.00,$1890.00,$545.00,$2599.00,19-5-2018 0:00:00,$37305.00,"NEFT / RTGS","","KARNATAKA BANK LTD",""
$294.00,$1891.00,$474.00,$2528.00,13-4-2018 0:00:00,$14124.00,"CASH","048867","BOI",""
$295.00,$1892.00,$574.00,$2628.00,19-5-2018 0:00:00,$14125.00,"CHEQUE","048886","BOI",""
$296.00,$1893.00,$479.00,$2533.00,21-5-2018 0:00:00,$35532.00,"CHEQUE","103573","AXIS BANK",""
$297.00,$1894.00,$713.00,$2767.00,22-5-2018 0:00:00,$1850.00,"CASH","","","AFTER DISCOUNT"
$298.00,$1895.00,$646.00,$2700.00,22-5-2018 0:00:00,$40014.00,"CHEQUE","001682","HDFC BANK",""
$299.00,$1896.00,$566.00,$2620.00,21-5-2018 0:00:00,$27800.00,"CHEQUE","154460","STATE BANK OF INDIA",""
$300.00,$1897.00,$524.00,$2578.00,21-5-2018 0:00:00,$15624.00,"CHEQUE","072460","CENTRAL BANK OF INDIA",""
$301.00,$1898.00,$506.00,$2560.00,25-5-2018 0:00:00,$31752.00,"CHEQUE","103574","AXIS BANK LTD.",""
$302.00,$1899.00,$487.00,$2541.00,10-5-2018 0:00:00,$50784.00,"CHEQUE","284517","AXIS BANK",""
$303.00,$1900.00,$600.00,$2654.00,29-5-2018 0:00:00,$40906.00,"CHEQUE","284393","AXIS BANK",""
$304.00,$1901.00,$567.00,$2621.00,29-5-2018 0:00:00,$10080.00,"NEFT / RTGS","---","KARNATAKA BANK LTD.",""
$305.00,$1902.00,$717.00,$2771.00,1-1-2001 0:00:00,$1850.00,"CASH","","",""
$306.00,$1903.00,$597.00,$2651.00,30-5-2018 0:00:00,$9416.00,"CHEQUE","224324","AXIS BANK LTD.",""
$307.00,$1904.00,$390.00,$2444.00,30-5-2018 0:00:00,$17346.00,"CHEQUE","879645","STATE BANK OF INDIA",""
$308.00,$1905.00,$596.00,$2650.00,8-6-2018 0:00:00,$16480.00,"NEFT / RTGS","","","KARNATAKA BANK LTD."
$309.00,$1906.00,$698.00,$2752.00,5-6-2018 0:00:00,$118579.00,"CHEQUE","320653","PNB",""
$310.00,$1907.00,$576.00,$2630.00,18-5-2018 0:00:00,$37918.00,"NEFT / RTGS","---","KARNATAKA BANK LTD.",""
$311.00,$1908.00,$739.00,$2793.00,5-6-2018 0:00:00,$100000.00,"NEFT / RTGS","","K BANK ",""
$312.00,$1909.00,$752.00,$2806.00,5-6-2018 0:00:00,$100000.00,"NEFT / RTGS","---","K BANK",""
$313.00,$1910.00,$731.00,$2785.00,6-6-2018 0:00:00,$517658.00,"CHEQUE","287615","PNB",""
$314.00,$1911.00,$711.00,$2765.00,11-6-2018 0:00:00,$6155.00,"NEFT / RTGS","---","K BANK",""
$315.00,$1912.00,$703.00,$2757.00,12-6-2018 0:00:00,$19278.00,"CHEQUE","---","KARNATAKABANK LTD.",""
$316.00,$1913.00,$692.00,$2746.00,12-6-2018 0:00:00,$42336.00,"CHEQUE","-----","KARNATAKA BANK LTD.",""
$318.00,$1915.00,$391.00,$2445.00,18-6-2018 0:00:00,$29736.00,"CHEQUE","559447","PNB",""
$319.00,$1916.00,$682.00,$2736.00,18-6-2018 0:00:00,$36102.00,"NEFT / RTGS","---","KARNATAKA BANK LTD.",""
$320.00,$1917.00,$683.00,$2737.00,20-6-2018 0:00:00,$28130.00,"NEFT / RTGS","---","KARNATAKA BANK LTD.",""
$321.00,$1918.00,$813.00,$2867.00,22-6-2018 0:00:00,$2009.00,"CASH","---","----",""
$322.00,$1919.00,$738.00,$2792.00,22-6-2018 0:00:00,$63126.00,"CHEQUE","000220","BOB",""
$323.00,$1920.00,$814.00,$2868.00,22-6-2018 0:00:00,$2360.00,"NEFT / RTGS","---","----","AFTER 5% GST DISCOUNT"
$324.00,$1914.00,$719.00,$2773.00,13-6-2018 0:00:00,$258943.00,"NEFT / RTGS","--","KARNATAKA BANK LTD.",""
$325.00,$1921.00,$821.00,$2875.00,25-6-2018 0:00:00,$4440.00,"CHEQUE","--","","AFTER 5% GST DISCOUNT"
$326.00,$1922.00,$829.00,$2883.00,27-6-2018 0:00:00,$2700.00,"CASH","","","AFTER DISCOUNT"
$327.00,$1923.00,$695.00,$2749.00,26-6-2018 0:00:00,$46451.00,"NEFT / RTGS","","KARNATAKA BANK LTD.",""
$328.00,$1924.00,$722.00,$2776.00,28-6-2018 0:00:00,$39332.00,"NEFT / RTGS","","KARNATAKA BANK LTD.",""
$329.00,$1925.00,$640.00,$2694.00,29-6-2018 0:00:00,$11702.00,"CHEQUE","056013","DENA BANK",""
$330.00,$1926.00,$744.00,$2798.00,29-6-2018 0:00:00,$8974.00,"CHEQUE","056014","DENA BANK",""
$331.00,$1927.00,$842.00,$2896.00,30-6-2018 0:00:00,$2000.00,"CASH","","",""
$332.00,$1928.00,$788.00,$2842.00,4-7-2018 0:00:00,$118579.00,"CHEQUE","320709","PNB BANK",""
$333.00,$1929.00,$832.00,$2886.00,6-7-2018 0:00:00,$1711.00,"CASH","","",""
$334.00,$1930.00,$833.00,$2887.00,6-7-2018 0:00:00,$1344.00,"CASH","","",""
$335.00,$1931.00,$845.00,$2899.00,1-7-2018 0:00:00,$200000.00,"CASH","","","CASH DEOSIT IN KB"
$336.00,$1932.00,$688.00,$2742.00,2-7-2018 0:00:00,$29610.00,"NEFT / RTGS","","K BANK",""
$337.00,$1933.00,$715.00,$2769.00,4-7-2018 0:00:00,$28972.66,"CHEQUE","001740","HDFC BANK",""
$338.00,$1934.00,$618.00,$2672.00,17-5-2018 0:00:00,$150000.00,"NEFT / RTGS","","KARNATAKA BANK LTD.",""
$339.00,$1935.00,$702.00,$2756.00,6-7-2018 0:00:00,$107082.00,"NEFT / RTGS","","KARNATAKA BANK LTD.",""
$340.00,$1936.00,$749.00,$2803.00,6-7-2018 0:00:00,$100000.00,"NEFT / RTGS","---","KARNATAKA BANK LTD.",""
$341.00,$1937.00,$662.00,$2716.00,7-7-2018 0:00:00,$10000.00,"NEFT / RTGS","----","KARNATAKA BANK LTD.",""
$342.00,$1938.00,$763.00,$2817.00,10-7-2018 0:00:00,$34805.00,"NEFT / RTGS","-----","KARNATAKA BANK LTD.",""
$343.00,$1939.00,$781.00,$2835.00,10-7-2018 0:00:00,$38556.00,"NEFT / RTGS","NEFT","KARNATAKA BANK LTD.",""
$344.00,$1940.00,$857.00,$2911.00,11-7-2018 0:00:00,$7800.00,"CASH","","","AFTER DISCOUNT "
$345.00,$1941.00,$838.00,$2892.00,1-7-2018 0:00:00,$1000.00,"CASH","","",""
$346.00,$1942.00,$839.00,$2893.00,1-7-2018 0:00:00,$2000.00,"CASH","","",""
$347.00,$1943.00,$840.00,$2894.00,1-7-2018 0:00:00,$1800.00,"CASH","","","AFTER DISCOUNT"
$348.00,$1944.00,$867.00,$2921.00,14-7-2018 0:00:00,$957.00,"CASH","","","AFTER 5% DISCOUNT"
$349.00,$1945.00,$826.00,$2880.00,16-7-2018 0:00:00,$151685.00,"NEFT / RTGS","","KARNATAKABANK LTD.",""
$350.00,$1946.00,$819.00,$2873.00,20-7-2018 0:00:00,$9180.00,"CHEQUE","764549","KARNATAKABANK LTD.","RS. 500 CASH DISCOUNT"
$351.00,$1947.00,$837.00,$2891.00,18-7-2018 0:00:00,$175406.00,"CHEQUE","287627","PNB",""
$352.00,$1948.00,$848.00,$2902.00,18-7-2018 0:00:00,$200000.00,"NEFT / RTGS","","KARNATAKA BANK LTD.",""
$353.00,$1949.00,$878.00,$2932.00,20-7-2018 0:00:00,$1004.00,"CASH","","",""
$354.00,$1950.00,$881.00,$2935.00,21-7-2018 0:00:00,$1270.00,"CASH","","",""
$355.00,$1951.00,$847.00,$2901.00,23-7-2018 0:00:00,$2350.00,"CASH","","",""
$356.00,$1952.00,$770.00,$2824.00,23-7-2018 0:00:00,$2350.00,"CHEQUE","002474","BOB",""
$357.00,$1953.00,$818.00,$2872.00,23-7-2018 0:00:00,$85270.00,"NEFT / RTGS","","",""
$358.00,$1954.00,$888.00,$2942.00,25-7-2018 0:00:00,$1914.00,"CASH","","","AFTER DISCOUNT"
$359.00,$1955.00,$787.00,$2841.00,25-7-2018 0:00:00,$19943.00,"CHEQUE","001281","KOTAK MAHINDRA BANK",""
$360.00,$1956.00,$783.00,$2837.00,24-7-2018 0:00:00,$3398.00,"CHEQUE","838797","YES BANK",""
$361.00,$1957.00,$875.00,$2929.00,25-7-2018 0:00:00,$112204.00,"CHEQUE","638665","PNB",""
$362.00,$1958.00,$891.00,$2945.00,31-7-2018 0:00:00,$250000.00,"NEFT / RTGS","","KARNATAKA BANK LTD.",""
$363.00,$1959.00,$834.00,$2888.00,2-8-2018 0:00:00,$35000.00,"CHEQUE","058087","DENA BANK",""
$364.00,$1960.00,$859.00,$2913.00,3-8-2018 0:00:00,$100000.00,"CHEQUE","866298","PNB",""
$365.00,$1961.00,$856.00,$2910.00,4-8-2018 0:00:00,$19278.00,"NEFT / RTGS","","KARNATAKA BANK LTD.",""
$366.00,$1962.00,$918.00,$2972.00,3-8-2018 0:00:00,$5868.00,"CHEQUE","001033","KARNATAKA BANK LTD.",""
$367.00,$1963.00,$771.00,$2825.00,8-8-2018 0:00:00,$10859.00,"CHEQUE","514036","PNB","PAYMENT FOR 2 RO"
$368.00,$1964.00,$865.00,$2919.00,8-8-2018 0:00:00,$10111.00,"CHEQUE","030924","ALLAHABAD BANK","PAYMENT OF 2 RO"
$369.00,$1965.00,$523.00,$2577.00,24-5-2018 0:00:00,$27893.00,"CHEQUE","154460","SBI",""
$370.00,$1966.00,$849.00,$2903.00,17-8-2018 0:00:00,$26842.00,"CHEQUE","000011","KOTAK MAHINDRA BANK","PAYMNET OF 2 RO"
$371.00,$1967.00,$943.00,$2997.00,10-8-2018 0:00:00,$1900.00,"CASH","","","AFTER DISCOUNT"
$373.00,$1969.00,$910.00,$2964.00,23-8-2018 0:00:00,$3654.00,"CHEQUE","000229","BANK OF BARODA",""
$374.00,$1970.00,$981.00,$3036.00,25-8-2018 0:00:00,$2784.00,"CASH","","",""
$375.00,$1971.00,$984.00,$3039.00,25-8-2018 0:00:00,$1490.00,"CASH","","",""
$376.00,$1972.00,$966.00,$3020.00,28-8-2018 0:00:00,$175955.00,"CHEQUE","044689","PUNJAB NATIONAL BANK",""
$377.00,$1973.00,$765.00,$2819.00,30-8-2018 0:00:00,$14005.00,"NEFT / RTGS","","KARNATAKA BANK LTD.",""
$378.00,$1974.00,$979.00,$3033.00,30-8-2018 0:00:00,$200000.00,"NEFT / RTGS","","KARNATAKA BANK LTD.",""
$379.00,$1975.00,$955.00,$3009.00,31-8-2018 0:00:00,$20000.00,"CHEQUE","057939","DENA BANK",""
$380.00,$1976.00,$955.00,$3009.00,5-9-2018 0:00:00,$13265.00,"CHEQUE","057940","DENA BANK",""
$381.00,$1977.00,$977.00,$3031.00,1-9-2018 0:00:00,$2000.00,"CASH","-----","-----",""
$382.00,$1978.00,$947.00,$3001.00,4-9-2018 0:00:00,$21699.00,"CHEQUE","001247","HDFC BANK",""
$383.00,$1979.00,$990.00,$3045.00,4-9-2018 0:00:00,$200000.00,"NEFT / RTGS","","",""
$384.00,$1980.00,$997.00,$3052.00,6-9-2018 0:00:00,$1004.00,"CHEQUE","000045","HDFC BANK",""
$385.00,$1981.00,$693.00,$2747.00,13-8-2018 0:00:00,$8790.00,"NEFT / RTGS","","KARNATAKA BANK LTD.",""
$386.00,$1982.00,$705.00,$2759.00,6-9-2018 0:00:00,$6720.00,"NEFT / RTGS","","KARNATAKA BANK LTD.",""
$372.00,$1968.00,$584.00,$2638.00,20-8-2018 0:00:00,$27342.00,"NEFT / RTGS","072482","KARNATAKA BANK LTD.",""
$387.00,$1983.00,$944.00,$2998.00,5-9-2018 0:00:00,$9350.00,"CHEQUE","096741","AXIS BANK LTD.",""
$388.00,$1984.00,$916.00,$2970.00,6-9-2018 0:00:00,$1000.00,"CASH","---","",""
$389.00,$1985.00,$999.00,$3054.00,6-9-2018 0:00:00,$2000.00,"CASH","-----","",""
$390.00,$1986.00,$899.00,$2953.00,26-9-2018 0:00:00,$30000.00,"CHEQUE","103611","AXIS BANK LTD.",""
$391.00,$1987.00,$976.00,$3030.00,17-9-2018 0:00:00,$102006.00,"NEFT / RTGS","---","KARNATAKA BANK LTD.",""
$392.00,$1988.00,$1031.00,$3086.00,20-9-2018 0:00:00,$2000.00,"CASH","","",""
$393.00,$1989.00,$986.00,$3041.00,20-9-2018 0:00:00,$4720.00,"CHEQUE","001267","HDFC BANK","MAKING CHARGES"
$394.00,$1990.00,$1032.00,$3087.00,20-9-2018 0:00:00,$1155.00,"CASH","","",""
$395.00,$1991.00,$926.00,$2980.00,21-9-2018 0:00:00,$3780.00,"CHEQUE","100299","IINDIAN OVERSEASE BANK ",""
$397.00,$1993.00,$934.00,$2988.00,29-8-2018 0:00:00,$2455.00,"NEFT / RTGS","","",""
$396.00,$1992.00,$1038.00,$3093.00,22-9-2018 0:00:00,$400.00,"CASH","---","---","RS. 1155/- REC. 400, BALANCE 755/-"
$397.00,$1993.00,$1038.00,$3093.00,24-9-2018 0:00:00,$640.00,"CHEQUE","","",""
$398.00,$1994.00,$1036.00,$3091.00,28-9-2018 0:00:00,$169581.00,"CHEQUE","229645","PNB","AFTER 1% TDS"
$399.00,$1995.00,$1055.00,$3110.00,29-9-2018 0:00:00,$1700.00,"CASH","----`----`","-------``--------`",""
$400.00,$1996.00,$1000.00,$3055.00,3-10-2018 0:00:00,$13154.40,"NEFT / RTGS","--","","AFTER 10% DISCOUNT"
$401.00,$1997.00,$1024.00,$3079.00,1-10-2018 0:00:00,$100000.00,"NEFT / RTGS","","",""
$402.00,$1998.00,$950.00,$3004.00,3-10-2018 0:00:00,$100000.00,"NEFT / RTGS","","",""
$404.00,$2000.00,$965.00,$3019.00,7-9-2018 0:00:00,$4860.00,"CASH","","",""
$405.00,$2001.00,$905.00,$2959.00,4-10-2018 0:00:00,$23000.00,"NEFT / RTGS","","",""
$406.00,$2002.00,$1012.00,$3067.00,5-10-2018 0:00:00,$1808.00,"CASH","","","AFTER 10% DISCOUNT"
$407.00,$2003.00,$880.00,$2934.00,10-10-2018 0:00:00,$10248.00,"CHEQUE","213671","KARNATAKA BANK LTD.",""
$408.00,$2004.00,$1087.00,$3142.00,10-10-2018 0:00:00,$2000.00,"CASH","","","ADVANCE "
$409.00,$2005.00,$1035.00,$3090.00,11-10-2018 0:00:00,$100000.00,"CHEQUE","---","KARNATAKA BANK LTD.","NEFT."
$410.00,$2006.00,$807.00,$2861.00,22-10-2018 0:00:00,$7297.00,"CHEQUE","913683","STATE BANK OF INDIA",""
$411.00,$2007.00,$785.00,$2839.00,1-10-2018 0:00:00,$10000.00,"CHEQUE","913676","STATE BANK OF INDIA",""
$412.00,$2008.00,$1003.00,$3058.00,16-10-2018 0:00:00,$9208.00,"NEFT / RTGS","","",""
$413.00,$2009.00,$1097.00,$3152.00,13-10-2018 0:00:00,$1900.00,"CASH","","",""
$414.00,$2010.00,$921.00,$2975.00,20-10-2018 0:00:00,$1490.00,"CHEQUE","001684","KOTAK MAHINDRA BANK",""
$415.00,$2011.00,$1048.00,$3103.00,20-10-2018 0:00:00,$11151.00,"CHEQUE","000052","KARNATAKA BANK LTD.",""
$416.00,$2012.00,$1150.00,$3205.00,27-10-2018 0:00:00,$169581.00,"CHEQUE","229701","PNG",""
$417.00,$2013.00,$1168.00,$3223.00,31-10-2018 0:00:00,$3780.00,"CASH","","",""
$418.00,$2014.00,$1136.00,$3191.00,29-10-2018 0:00:00,$44464.00,"NEFT / RTGS","","",""
$419.00,$2015.00,$1085.00,$3140.00,1-1-2001 0:00:00,$14826.00,"CASH","","",""
$420.00,$2016.00,$992.00,$3047.00,26-9-2018 0:00:00,$1764.00,"CHEQUE","881873","SYNDICATE BANK",""
$421.00,$2017.00,$1124.00,$3179.00,3-11-2018 0:00:00,$24074.00,"NEFT / RTGS","","",""
$423.00,$2019.00,$1205.00,$3260.00,9-11-2018 0:00:00,$13305.00,"","","",""
$425.00,$2021.00,$1240.00,$3295.00,12-11-2018 0:00:00,$1100.00,"CASH","","","AFTER 5% DISCOUNT"
$422.00,$2018.00,$1215.00,$3270.00,3-11-2018 0:00:00,$3500.00,"CASH","","","ADVANCE 3500/- 940 BALANCE"
$423.00,$2019.00,$1215.00,$3270.00,12-11-2018 0:00:00,$940.00,"CASH","","",""
$426.00,$2022.00,$1162.00,$3217.00,12-11-2018 0:00:00,$11205.00,"CHEQUE","506981","VIJAYA BANK",""
$427.00,$2023.00,$1246.00,$3301.00,16-11-2018 0:00:00,$4779.00,"CASH","","","AFTER 5% DISCOUNT"
$428.00,$2024.00,$1094.00,$3149.00,16-11-2018 0:00:00,$13381.00,"CHEQUE","466124","STATE BANK OF INDIA",""
$429.00,$2025.00,$1187.00,$3242.00,21-11-2018 0:00:00,$9261.00,"CHEQUE","000075","BANK OF BARODA",""
$430.00,$2026.00,$954.00,$3008.00,21-11-2018 0:00:00,$52346.00,"NEFT / RTGS","","KARNATAKA BANK LTD.",""
$431.00,$2027.00,$854.00,$2908.00,24-8-2018 0:00:00,$68515.00,"CHEQUE","287638","PBN",""
$432.00,$2028.00,$974.00,$3028.00,15-9-2018 0:00:00,$206461.00,"CHEQUE","287645","PNB",""
$433.00,$2029.00,$1047.00,$3102.00,4-10-2018 0:00:00,$176617.00,"CHEQUE","287652","PNB",""
$434.00,$2030.00,$1175.00,$3230.00,8-11-2018 0:00:00,$95805.00,"CHEQUE","287667","PNB",""
$435.00,$2031.00,$1279.00,$3334.00,23-11-2018 0:00:00,$1000.00,"CASH","","","ADVANCE"
$436.00,$2032.00,$1119.00,$3174.00,1-12-2018 0:00:00,$8800.00,"CHEQUE","038639","ALLAHABAD BANK",""
$437.00,$2033.00,$1160.00,$3215.00,5-12-2018 0:00:00,$8800.00,"CHEQUE","038640","ALLAHABAD BANK",""
$438.00,$2034.00,$1201.00,$3256.00,5-12-2018 0:00:00,$8800.00,"CHEQUE","038641","ALLAHABAD BANK",""
$439.00,$2035.00,$1206.00,$3261.00,10-12-2018 0:00:00,$8800.00,"CHEQUE","038642","ALLAHABAD BANK",""
$440.00,$2036.00,$1188.00,$3243.00,2-12-2018 0:00:00,$27011.00,"CHEQUE","050405","UNION BANK",""
$424.00,$2020.00,$1173.00,$3228.00,6-11-2018 0:00:00,$100000.00,"NEFT / RTGS","","",""
$425.00,$2021.00,$1173.00,$3228.00,28-12-2018 0:00:00,$170175.00,"NEFT / RTGS","","",""
$441.00,$2037.00,$1244.00,$3299.00,5-12-2018 0:00:00,$2009.00,"CASH","","",""
$442.00,$2038.00,$1223.00,$3278.00,4-12-2018 0:00:00,$33264.00,"NEFT / RTGS","","",""
$403.00,$1999.00,$1060.00,$3115.00,1-10-2018 0:00:00,$200000.00,"NEFT / RTGS","","",""
$444.00,$2040.00,$1171.00,$3226.00,3-12-2018 0:00:00,$35326.00,"CHEQUE","001991","KOTAK MAHINDRA BANK",""
$445.00,$2041.00,$1287.00,$3342.00,4-12-2018 0:00:00,$343242.00,"CHEQUE","287674","PNB",""
$446.00,$2042.00,$1274.00,$3329.00,29-11-2018 0:00:00,$174587.00,"CHEQUE","328579","PNB",""
$447.00,$2043.00,$1161.00,$3216.00,27-11-2018 0:00:00,$10000.00,"CHEQUE","253215","PNB",""
$448.00,$2044.00,$1131.00,$3186.00,1-12-2018 0:00:00,$20000.00,"NEFT / RTGS","","",""
$449.00,$2045.00,$1104.00,$3159.00,10-10-2018 0:00:00,$1000.00,"CASH","","",""
$450.00,$2046.00,$1216.00,$3271.00,14-11-2018 0:00:00,$5500.00,"CASH","","",""
$451.00,$2047.00,$803.00,$2857.00,21-7-2018 0:00:00,$65644.00,"NEFT / RTGS","","",""
$452.00,$2048.00,$804.00,$2858.00,30-8-2018 0:00:00,$23285.00,"NEFT / RTGS","","",""
$453.00,$2049.00,$805.00,$2859.00,10-9-2018 0:00:00,$40366.00,"NEFT / RTGS","","",""
$454.00,$2050.00,$1172.00,$3227.00,16-11-2018 0:00:00,$62209.00,"NEFT / RTGS","","K BANK",""
$455.00,$2051.00,$1180.00,$3235.00,19-11-2018 0:00:00,$26342.00,"NEFT / RTGS","","K BANK ",""
$456.00,$2052.00,$1181.00,$3236.00,21-11-2018 0:00:00,$63621.00,"NEFT / RTGS","","KARNATAKA BANK",""
$457.00,$2053.00,$1183.00,$3238.00,30-12-2018 0:00:00,$23581.00,"NEFT / RTGS","","KARNATAKA BANK LTD.",""
$458.00,$2054.00,$1328.00,$3383.00,8-12-2018 0:00:00,$2000.00,"CASH","","","AFTER DISCOUNT"
$459.00,$2055.00,$1074.00,$3129.00,12-11-2018 0:00:00,$5292.00,"CHEQUE","462954","SBI",""
$460.00,$2056.00,$1209.00,$3264.00,14-12-2018 0:00:00,$8820.00,"CHEQUE","462963","SBI",""
$461.00,$2057.00,$1220.00,$3275.00,18-12-2018 0:00:00,$5250.00,"CHEQUE","462962","SBI",""
$462.00,$2058.00,$946.00,$3000.00,12-12-2018 0:00:00,$6668.00,"CHEQUE","061559","KARNATAKA BANK LTD.",""
$463.00,$2059.00,$1248.00,$3303.00,15-12-2018 0:00:00,$11151.00,"CHEQUE","000057","HDFC BANK",""
$464.00,$2060.00,$1221.00,$3276.00,17-12-2018 0:00:00,$8124.00,"CHEQUE","000066","ANDHRA BANK",""
$465.00,$2061.00,$1254.00,$3309.00,15-12-2018 0:00:00,$67500.00,"NEFT / RTGS","","",""
$443.00,$2039.00,$1265.00,$3320.00,4-12-2018 0:00:00,$100000.00,"NEFT / RTGS","","",""
$444.00,$2040.00,$1265.00,$3320.00,16-12-2018 0:00:00,$108891.00,"NEFT / RTGS","","",""
$466.00,$2062.00,$1166.00,$3221.00,19-11-2018 0:00:00,$1808.00,"NEFT / RTGS","","K BANK",""
$467.00,$2063.00,$1259.00,$3314.00,29-11-2018 0:00:00,$2993.00,"NEFT / RTGS","K BANK","K BANK",""
$468.00,$2064.00,$1276.00,$3331.00,17-12-2018 0:00:00,$9208.00,"CHEQUE","172420","CORPORATION BANK",""
$469.00,$2065.00,$904.00,$2958.00,28-9-2018 0:00:00,$40000.00,"CHEQUE","103618","AXIS BANK",""
$470.00,$2066.00,$1067.00,$3122.00,6-10-2018 0:00:00,$36092.00,"CHEQUE","103620","AXIS BANK",""
$471.00,$2067.00,$1068.00,$3123.00,30-10-2018 0:00:00,$30000.00,"NEFT / RTGS","","",""
$472.00,$2068.00,$919.00,$2973.00,15-11-2018 0:00:00,$30000.00,"NEFT / RTGS","","",""
$473.00,$2069.00,$1069.00,$3124.00,28-11-2018 0:00:00,$20000.00,"NEFT / RTGS","","",""
$474.00,$2070.00,$1070.00,$3125.00,24-12-2018 0:00:00,$45000.00,"NEFT / RTGS","","",""
$475.00,$2071.00,$1376.00,$3431.00,28-12-2018 0:00:00,$2230.00,"CASH","---","----",""
$476.00,$2072.00,$1301.00,$3356.00,31-12-2018 0:00:00,$7076.00,"CHEQUE","000005","HDFC BANK",""
$477.00,$2073.00,$526.00,$2580.00,10-5-2018 0:00:00,$18832.00,"CHEQUE","147640","PRATHMA BANK",""
$478.00,$2074.00,$1225.00,$3280.00,8-1-2019 0:00:00,$20000.00,"NEFT / RTGS","","K BANK ",""
$479.00,$2075.00,$1298.00,$3353.00,7-1-2019 0:00:00,$7646.00,"CASH","","",""
$481.00,$2077.00,$1262.00,$3317.00,28-12-2018 0:00:00,$74650.00,"NEFT / RTGS","","",""
$482.00,$2078.00,$1302.00,$3357.00,3-1-2019 0:00:00,$81200.00,"NEFT / RTGS","","",""
$483.00,$2079.00,$1331.00,$3386.00,5-1-2019 0:00:00,$45062.00,"NEFT / RTGS","","",""
$484.00,$2080.00,$1384.00,$3439.00,27-12-2018 0:00:00,$940642.00,"CHEQUE","180198","PNB",""
$485.00,$2081.00,$1449.00,$3504.00,17-1-2019 0:00:00,$525.00,"CHEQUE","CASH","",""
$486.00,$2082.00,$1450.00,$3505.00,17-1-2019 0:00:00,$5261.00,"CASH","","CASH","AFTER 10% DISCOUNT"
$487.00,$2083.00,$1357.00,$3412.00,21-1-2019 0:00:00,$11676.00,"NEFT / RTGS","","",""
$488.00,$2084.00,$1470.00,$3525.00,24-1-2019 0:00:00,$5568.00,"CHEQUE","648762","VIJAYA BANK","AFTER 5% DISCOUNT."
$480.00,$2076.00,$1371.00,$3426.00,4-1-2019 0:00:00,$100000.00,"NEFT / RTGS","","",""
$481.00,$2077.00,$1371.00,$3426.00,25-1-2019 0:00:00,$150152.00,"NEFT / RTGS","","",""
$489.00,$2085.00,$1324.00,$3379.00,19-1-2019 0:00:00,$4460.00,"CHEQUE","764556","STATE BANK LTD.",""
$490.00,$2086.00,$1482.00,$3537.00,25-1-2019 0:00:00,$950.00,"CASH","","",""
$491.00,$2087.00,$1482.00,$3537.00,28-1-2019 0:00:00,$1000.00,"CASH","","",""
$492.00,$2088.00,$1385.00,$3440.00,30-1-2019 0:00:00,$4460.00,"NEFT / RTGS","","",""
$493.00,$2089.00,$1353.00,$3408.00,31-1-2019 0:00:00,$8920.00,"CASH","430174","PNB ",""
$494.00,$2090.00,$1313.00,$3368.00,1-2-2019 0:00:00,$21998.00,"CHEQUE","000085","HDFC BANK",""
$495.00,$2091.00,$1382.00,$3437.00,31-1-2019 0:00:00,$10000.00,"NEFT / RTGS","","",""
$496.00,$2092.00,$1320.00,$3375.00,29-1-2019 0:00:00,$4460.00,"CHEQUE","087897","ORIENTAL BANK OF COMMERCE",""
$497.00,$2093.00,$1428.00,$3483.00,31-1-2019 0:00:00,$33264.00,"NEFT / RTGS","","",""
$498.00,$2094.00,$1397.00,$3452.00,31-1-2019 0:00:00,$26070.00,"NEFT / RTGS","","",""
$499.00,$2095.00,$1407.00,$3462.00,30-1-2019 0:00:00,$59918.00,"NEFT / RTGS","","",""
$500.00,$2096.00,$1346.00,$3401.00,6-2-2019 0:00:00,$2230.00,"CASH","","",""
$501.00,$2097.00,$1356.00,$3411.00,7-2-2019 0:00:00,$141703.00,"NEFT / RTGS","","",""
$502.00,$2098.00,$1471.00,$3526.00,6-2-2019 0:00:00,$100000.00,"NEFT / RTGS","","",""
$503.00,$2099.00,$1426.00,$3481.00,6-2-2019 0:00:00,$26227.00,"CHEQUE","002554","TOTAK MAHINDRA",""
$504.00,$2100.00,$1520.00,$3575.00,12-2-2019 0:00:00,$3890.00,"CASH","","",""
$505.00,$2101.00,$1485.00,$3540.00,9-2-2019 0:00:00,$411091.00,"CHEQUE","180221","PNB",""
$506.00,$2102.00,$1531.00,$3586.00,14-2-2019 0:00:00,$2000.00,"CASH","","",""
$507.00,$2103.00,$1043.00,$3098.00,14-2-2019 0:00:00,$2000.00,"CASH","-----","",""
$508.00,$2104.00,$1463.00,$3518.00,15-2-2019 0:00:00,$44604.00,"CHEQUE","973229","VIJAYA BANK",""
$509.00,$2105.00,$1552.00,$3607.00,21-2-2019 0:00:00,$1950.00,"CHEQUE","","",""
$510.00,$2106.00,$1573.00,$3628.00,25-2-2019 0:00:00,$1150.00,"CASH","","",""
$511.00,$2107.00,$1481.00,$3536.00,6-3-2019 0:00:00,$12106.00,"CHEQUE","430188","PNG",""
$513.00,$2109.00,$1431.00,$3486.00,13-2-2019 0:00:00,$10000.00,"NEFT / RTGS","","",""
$512.00,$2108.00,$1460.00,$3515.00,22-3-2019 0:00:00,$10000.00,"CHEQUE","211538","INDIAN OVERSEAS BANK",""
$514.00,$2110.00,$1466.00,$3521.00,3-3-2019 0:00:00,$10000.00,"CHEQUE","211539","INDIAN OVERSEAS BANK",""
$515.00,$2111.00,$1538.00,$3593.00,6-3-2019 0:00:00,$9185.00,"CHEQUE","482746","PUNJAB NATIONAL BANK",""
$516.00,$2112.00,$1605.00,$3660.00,11-3-2019 0:00:00,$1950.00,"CASH","","",""
$517.00,$2113.00,$1315.00,$3370.00,11-3-2019 0:00:00,$13268.00,"NEFT / RTGS","","KARNATAKA BANK LTD.",""
$518.00,$2114.00,$1607.00,$3662.00,13-3-2019 0:00:00,$1193.00,"CASH","CASH","",""
$519.00,$2115.00,$1611.00,$3666.00,14-3-2019 0:00:00,$2000.00,"CASH","","",""
$520.00,$2116.00,$1620.00,$3675.00,16-3-2019 0:00:00,$1150.00,"CASH","","","AFTER DISCOUNT"
$521.00,$2117.00,$1616.00,$3671.00,16-3-2019 0:00:00,$957.00,"CASH","","",""
$522.00,$2118.00,$1635.00,$3690.00,23-3-2019 0:00:00,$2000.00,"CASH","","",""
$523.00,$2119.00,$1636.00,$3691.00,23-3-2019 0:00:00,$1950.00,"CASH","","","AFTER DISCOUNT"
$525.00,$2121.00,$1586.00,$3641.00,18-3-2019 0:00:00,$4000.00,"CHEQUE","657236","UTKARSH SMALL FINANCE BANK",""
$526.00,$2122.00,$1612.00,$3667.00,24-3-2019 0:00:00,$3345.00,"CHEQUE","357233","UTKARSH SMALL FINANCE BANK",""
$527.00,$2123.00,$1612.00,$3667.00,29-3-2019 0:00:00,$3345.00,"CHEQUE","657235","UTKARSH SMALL FINANCE BANK",""
$528.00,$2124.00,$1478.00,$3533.00,22-2-2019 0:00:00,$18191.00,"CHEQUE","000304","HDFC BANK",""
$529.00,$2125.00,$1582.00,$3637.00,25-2-2019 0:00:00,$4000.00,"CHEQUE","00038","KOTAK MAHINDRA",""
$530.00,$2126.00,$1077.00,$3132.00,17-3-2019 0:00:00,$20000.00,"CHEQUE","103538","AXIS BANK LTD.",""
$531.00,$2127.00,$1606.00,$3661.00,20-3-2019 0:00:00,$4000.00,"CHEQUE","000891","AXIS BANK LTD.",""
$532.00,$2128.00,$1432.00,$3487.00,23-3-2019 0:00:00,$4200.00,"CASH","","",""
$533.00,$2129.00,$1508.00,$3563.00,1-3-2019 0:00:00,$904.00,"NEFT / RTGS","","",""
$534.00,$2130.00,$1476.00,$3531.00,27-2-2019 0:00:00,$12852.00,"NEFT / RTGS","","",""
$524.00,$2120.00,$1489.00,$3544.00,12-3-2019 0:00:00,$15000.00,"CASH","","",""
$535.00,$2131.00,$1472.00,$3527.00,19-1-2019 0:00:00,$94273.00,"NEFT / RTGS","","",""
$536.00,$2132.00,$1479.00,$3534.00,1-3-2019 0:00:00,$51630.00,"NEFT / RTGS","","",""
$537.00,$2133.00,$1496.00,$3551.00,12-3-2019 0:00:00,$37340.00,"NEFT / RTGS","","",""
$538.00,$2134.00,$1497.00,$3552.00,19-3-2019 0:00:00,$61030.00,"NEFT / RTGS","","",""
$539.00,$2135.00,$1624.00,$3679.00,25-3-2019 0:00:00,$2200.00,"CASH","","",""
$540.00,$2136.00,$1626.00,$3681.00,20-3-2019 0:00:00,$1950.00,"CASH","","",""
$541.00,$2137.00,$1561.00,$3616.00,28-3-2019 0:00:00,$9208.00,"NEFT / RTGS","","",""
$542.00,$2138.00,$1648.00,$3703.00,30-3-2019 0:00:00,$665.00,"CASH","","",""
$543.00,$2139.00,$1649.00,$3704.00,29-3-2019 0:00:00,$472.00,"CASH","","",""
$544.00,$2140.00,$1517.00,$3572.00,30-3-2019 0:00:00,$4460.00,"CASH","","",""
$545.00,$2141.00,$1498.00,$3553.00,29-3-2019 0:00:00,$29368.00,"CHEQUE","286416","AXIS BANK LTD.","PAYMENT OF 3 BILL"
$546.00,$2142.00,$1459.00,$3514.00,30-3-2019 0:00:00,$13381.00,"CHEQUE","363639","AXIS BANK LTD.",""
$547.00,$2143.00,$1010.00,$3065.00,13-9-2018 0:00:00,$100000.00,"NEFT / RTGS","","",""
$548.00,$2144.00,$1157.00,$3212.00,3-11-2018 0:00:00,$128726.00,"NEFT / RTGS","","",""
$549.00,$2145.00,$1430.00,$3485.00,9-1-2019 0:00:00,$200000.00,"NEFT / RTGS","","",""
$550.00,$2146.00,$1480.00,$3535.00,23-1-2019 0:00:00,$328856.00,"NEFT / RTGS","","",""
$551.00,$2147.00,$1578.00,$3633.00,27-2-2019 0:00:00,$200000.00,"NEFT / RTGS","","",""
$552.00,$2148.00,$1608.00,$3663.00,12-3-2019 0:00:00,$200000.00,"NEFT / RTGS","","",""
$553.00,$2149.00,$1617.00,$3672.00,15-3-2019 0:00:00,$333383.00,"NEFT / RTGS","","",""
$555.00,$2151.00,$1667.00,$3722.00,6-4-2019 0:00:00,$1270.00,"NEFT / RTGS","","","SCHEME 2+1"
$556.00,$2152.00,$1669.00,$3724.00,6-4-2019 0:00:00,$2000.00,"CASH","","",""
$557.00,$2153.00,$1670.00,$3725.00,7-4-2019 0:00:00,$2000.00,"CHEQUE","CASH","","AFTER DISCOUNT"
$558.00,$2154.00,$1619.00,$3674.00,8-4-2019 0:00:00,$44226.00,"NEFT / RTGS","","",""
$525.00,$2121.00,$1489.00,$3544.00,12-4-2019 0:00:00,$20000.00,"NEFT / RTGS","","",""
$559.00,$2155.00,$1521.00,$3576.00,13-2-2019 0:00:00,$8920.00,"CHEQUE","000037","KOTAK MAHINDARA",""
$560.00,$2156.00,$1595.00,$3650.00,15-4-2019 0:00:00,$13381.00,"CHEQUE","466162","SBI",""
$561.00,$2157.00,$1389.00,$3444.00,2-3-2019 0:00:00,$17539.00,"CHEQUE","033803","PRATHMA BANK",""
$562.00,$2158.00,$1468.00,$3523.00,28-3-2019 0:00:00,$17539.00,"CHEQUE","033816","PRATHMA BANK",""
$563.00,$2159.00,$1558.00,$3613.00,18-4-2019 0:00:00,$17539.00,"CHEQUE","033880","PRATHMA BANK",""
$564.00,$2160.00,$1499.00,$3554.00,22-4-2019 0:00:00,$33157.00,"NEFT / RTGS","","",""
$565.00,$2161.00,$1639.00,$3694.00,22-4-2019 0:00:00,$10000.00,"CASH","","",""
$566.00,$2162.00,$1706.00,$3761.00,25-4-2019 0:00:00,$2000.00,"CASH","","",""
$567.00,$2163.00,$1678.00,$3733.00,26-4-2019 0:00:00,$3823.00,"CHEQUE","111655","UTKARSH SMALL FINANCE BANK",""
$568.00,$2164.00,$1705.00,$3760.00,26-4-2019 0:00:00,$7850.00,"CASH","","",""
$569.00,$2165.00,$1704.00,$3759.00,4-5-2019 0:00:00,$6000.00,"CASH","","",""
$570.00,$2166.00,$1674.00,$3729.00,17-5-2019 0:00:00,$8996.00,"CHEQUE","177694","CENTRAL BANK OF INDIA",""
$571.00,$2167.00,$1696.00,$3751.00,3-5-2019 0:00:00,$8996.00,"CHEQUE","177773","CENTRAL BANK OF INDIA",""
$572.00,$2168.00,$1663.00,$3718.00,2-5-2019 0:00:00,$133678.00,"CHEQUE","411067","PNB",""
$573.00,$2169.00,$1593.00,$3648.00,29-4-2019 0:00:00,$26762.00,"CHEQUE","363715","AXIS BANK ","2  RO PAYMENT"
$574.00,$2170.00,$1625.00,$3680.00,26-4-2019 0:00:00,$200000.00,"NEFT / RTGS","","",""
$575.00,$2171.00,$1494.00,$3549.00,22-4-2019 0:00:00,$20000.00,"NEFT / RTGS","","",""
$554.00,$2150.00,$1647.00,$3702.00,4-4-2019 0:00:00,$38115.00,"CHEQUE","000020","HDFC BANK","PAYMENT OF 4 BILL"
$576.00,$2172.00,$1652.00,$3707.00,4-5-2019 0:00:00,$8920.00,"NEFT / RTGS","","",""
$577.00,$2173.00,$1725.00,$3780.00,7-5-2019 0:00:00,$2598.00,"CASH","","",""
$578.00,$2174.00,$1733.00,$3788.00,9-5-2019 0:00:00,$5196.00,"CASH","","",""
$579.00,$2175.00,$1721.00,$3776.00,9-5-2019 0:00:00,$4540.00,"CASH","","",""
$580.00,$2176.00,$1736.00,$3791.00,9-5-2019 0:00:00,$1940.00,"CASH","","",""
$581.00,$2177.00,$1744.00,$3799.00,13-5-2019 0:00:00,$2000.00,"CASH","","","AFTER DISCOUNT"
$582.00,$2178.00,$1656.00,$3711.00,4-5-2019 0:00:00,$49333.00,"CHEQUE","000006","HDFC BANK",""
$583.00,$2179.00,$1707.00,$3762.00,14-5-2019 0:00:00,$97431.00,"NEFT / RTGS","","KARNATAKA BANK LTD.",""
$584.00,$2180.00,$1769.00,$3824.00,23-5-2019 0:00:00,$5196.00,"CASH","","",""
$585.00,$2181.00,$1793.00,$3848.00,29-5-2019 0:00:00,$4900.00,"CHEQUE","--","","AFTER DISCOUNT"
$586.00,$2182.00,$1716.00,$3771.00,6-6-2019 0:00:00,$2009.00,"CASH","","",""
$587.00,$2183.00,$1708.00,$3763.00,6-6-2019 0:00:00,$5846.00,"CASH","","",""
$588.00,$2184.00,$1806.00,$3861.00,4-6-2019 0:00:00,$4785.00,"CASH","","",""
$589.00,$2185.00,$1807.00,$3862.00,4-6-2019 0:00:00,$2875.00,"CASH","","",""
$590.00,$2186.00,$1808.00,$3863.00,4-6-2019 0:00:00,$3300.00,"CASH","","",""
$591.00,$2187.00,$1800.00,$3855.00,1-6-2019 0:00:00,$950.00,"CASH","","",""
$592.00,$2188.00,$1795.00,$3850.00,30-5-2019 0:00:00,$315.00,"CASH","","",""
$593.00,$2189.00,$1785.00,$3840.00,28-5-2019 0:00:00,$472.00,"CASH","","",""
$594.00,$2190.00,$1786.00,$3841.00,28-5-2019 0:00:00,$315.00,"CASH","","",""
$595.00,$2191.00,$1773.00,$3828.00,24-5-2019 0:00:00,$4741.00,"CASH","","",""
$596.00,$2192.00,$1774.00,$3829.00,24-5-2019 0:00:00,$2743.00,"CASH","","",""
$597.00,$2193.00,$1775.00,$3830.00,24-5-2019 0:00:00,$3815.00,"CASH","","",""
$598.00,$2194.00,$1771.00,$3826.00,4-6-2019 0:00:00,$7015.00,"CASH","","",""
$599.00,$2195.00,$1741.00,$3796.00,10-5-2019 0:00:00,$1000.00,"CASH","","",""
$600.00,$2196.00,$1776.00,$3831.00,8-6-2019 0:00:00,$5097.00,"NEFT / RTGS","","KARNATAKA BANK LTD.",""
$601.00,$2197.00,$1799.00,$3854.00,8-6-2019 0:00:00,$10584.00,"CHEQUE","000271","BANK OF BARODA ",""
$602.00,$2198.00,$1830.00,$3885.00,11-6-2019 0:00:00,$1458.00,"CASH","","",""
$603.00,$2199.00,$1832.00,$3887.00,12-6-2019 0:00:00,$3900.00,"CASH","","","AFTER 5% DISCOUNT"
$604.00,$2200.00,$1720.00,$3775.00,12-6-2019 0:00:00,$10195.00,"CHEQUE","793691","PNB ",""
$605.00,$2201.00,$1772.00,$3827.00,28-6-2019 0:00:00,$10195.00,"CHEQUE","793692","PNB",""
$606.00,$2202.00,$1761.00,$3816.00,13-6-2019 0:00:00,$2548.00,"CASH","","",""
$608.00,$2204.00,$1748.00,$3803.00,17-6-2019 0:00:00,$57915.00,"NEFT / RTGS","","",""
$609.00,$2205.00,$1768.00,$3823.00,15-6-2019 0:00:00,$140847.00,"CHEQUE","180278","PNB",""
$607.00,$2203.00,$1756.00,$3811.00,3-6-2019 0:00:00,$100000.00,"NEFT / RTGS","","",""
$608.00,$2204.00,$1756.00,$3811.00,14-6-2019 0:00:00,$100000.00,"CHEQUE","","",""
$610.00,$2206.00,$1751.00,$3806.00,18-6-2019 0:00:00,$3820.00,"CASH","","",""
$612.00,$2208.00,$1840.00,$3895.00,17-6-2019 0:00:00,$350.00,"CASH","","",""
$611.00,$2207.00,$1835.00,$3890.00,17-6-2019 0:00:00,$160.00,"CASH","","",""
$613.00,$2209.00,$1533.00,$3588.00,25-5-2019 0:00:00,$10000.00,"CASH","","",""
$614.00,$2210.00,$1533.00,$3588.00,25-5-2019 0:00:00,$10000.00,"CASH","","",""
$615.00,$2211.00,$1597.00,$3652.00,19-6-2019 0:00:00,$21000.00,"NEFT / RTGS","","",""
$616.00,$2212.00,$1604.00,$3659.00,8-5-2019 0:00:00,$22439.00,"CHEQUE","102656","IDBI BANK",""
$617.00,$2213.00,$1666.00,$3721.00,20-6-2019 0:00:00,$21448.00,"CHEQUE","102693","IDBI BANK",""
$618.00,$2214.00,$1859.00,$3914.00,25-6-2019 0:00:00,$2000.00,"CASH","","",""
$619.00,$2215.00,$1848.00,$3903.00,1-1-2001 0:00:00,$631.00,"CASH","","",""
$620.00,$2216.00,$1849.00,$3904.00,25-6-2019 0:00:00,$525.00,"CASH","","",""
$621.00,$2217.00,$1857.00,$3912.00,25-6-2019 0:00:00,$1000.00,"CASH","","",""
$622.00,$2218.00,$1802.00,$3857.00,26-6-2019 0:00:00,$2630.00,"CHEQUE","","",""
$623.00,$2219.00,$1653.00,$3708.00,27-6-2019 0:00:00,$11410.00,"CHEQUE","364112","AXIS BANK LTD.",""
$624.00,$2220.00,$1787.00,$3842.00,26-6-2019 0:00:00,$81705.00,"NEFT / RTGS","","",""
$625.00,$2221.00,$1796.00,$3851.00,24-6-2019 0:00:00,$15292.00,"CHEQUE","007140","ALLHAHABAD BANK",""
$626.00,$2222.00,$1794.00,$3849.00,24-6-2019 0:00:00,$14915.00,"CHEQUE","000625","KOTAK MAHINDRA BANK",""
$627.00,$2223.00,$1679.00,$3734.00,24-6-2019 0:00:00,$10195.00,"CHEQUE","462891","PNB",""
$628.00,$2224.00,$1817.00,$3872.00,27-6-2019 0:00:00,$10195.00,"CASH","","",""
$629.00,$2225.00,$1818.00,$3873.00,27-6-2019 0:00:00,$11799.00,"CASH","","",""
$631.00,$2227.00,$1883.00,$3938.00,2-7-2019 0:00:00,$1900.00,"CASH","","","AFTER DISCOUNT"
$630.00,$2226.00,$1755.00,$3810.00,29-6-2019 0:00:00,$10000.00,"CASH","","",""
$632.00,$2228.00,$1858.00,$3913.00,2-7-2019 0:00:00,$100000.00,"NEFT / RTGS","","",""
$634.00,$2230.00,$1743.00,$3798.00,12-7-2019 0:00:00,$10195.00,"CHEQUE","462905","PNB",""
$635.00,$2231.00,$1869.00,$3924.00,5-7-2019 0:00:00,$2400.00,"CASH","","",""
$636.00,$2232.00,$1729.00,$3784.00,5-7-2019 0:00:00,$3823.00,"CHEQUE","111662","UTKARSH SMALL FINANCE ",""
$637.00,$2233.00,$1764.00,$3819.00,6-7-2019 0:00:00,$10990.00,"CASH","","",""
$638.00,$2234.00,$1563.00,$3618.00,12-4-2019 0:00:00,$3780.00,"CASH","","",""
$639.00,$2235.00,$1710.00,$3765.00,5-7-2019 0:00:00,$2721.00,"CHEQUE","193415","PNB",""
$640.00,$2236.00,$1811.00,$3866.00,6-7-2019 0:00:00,$16800.00,"NEFT / RTGS","","",""
$631.00,$2227.00,$1755.00,$3810.00,6-7-2019 0:00:00,$5000.00,"CASH","","",""
$641.00,$2237.00,$1766.00,$3821.00,21-5-2019 0:00:00,$200000.00,"NEFT / RTGS","","",""
$642.00,$2238.00,$1886.00,$3941.00,3-7-2019 0:00:00,$200000.00,"CASH","","",""
$643.00,$2239.00,$1897.00,$3952.00,10-7-2019 0:00:00,$4540.00,"CASH","","",""
$644.00,$2240.00,$1394.00,$3449.00,5-1-2019 0:00:00,$4536.00,"CASH","","",""
$645.00,$2241.00,$1599.00,$3654.00,16-3-2019 0:00:00,$4536.00,"CASH","","",""
$646.00,$2242.00,$1664.00,$3719.00,10-4-2019 0:00:00,$4536.00,"CASH","","",""
$647.00,$2243.00,$1726.00,$3781.00,25-6-2019 0:00:00,$4540.00,"CASH","","",""
$648.00,$2244.00,$1816.00,$3871.00,25-6-2019 0:00:00,$4540.00,"CASH","","",""
$633.00,$2229.00,$1750.00,$3805.00,18-7-2019 0:00:00,$7646.00,"NEFT / RTGS","111665","UTKASRSH SAMALL FINANCE BANK",""
$649.00,$2245.00,$1896.00,$3951.00,20-7-2019 0:00:00,$2000.00,"CASH","","",""
$651.00,$2247.00,$1640.00,$3695.00,6-6-2019 0:00:00,$13537.00,"CHEQUE","748523","YES BANK ",""
$652.00,$2248.00,$1688.00,$3743.00,20-7-2019 0:00:00,$5730.00,"CASH","","",""
$653.00,$2249.00,$1737.00,$3792.00,22-7-2019 0:00:00,$6115.00,"NEFT / RTGS","","",""
$654.00,$2250.00,$1941.00,$3996.00,31-7-2019 0:00:00,$184.00,"CASH","","",""
$655.00,$2251.00,$1942.00,$3997.00,31-7-2019 0:00:00,$840.00,"CASH","","",""
$656.00,$2252.00,$1875.00,$3930.00,3-8-2019 0:00:00,$10195.00,"CHEQUE","182786","CENTRAL BANK OF INDIA",""
$657.00,$2253.00,$1864.00,$3919.00,2-8-2019 0:00:00,$5097.00,"CHEQUE","647771","AXIS BANK LTD.",""
$658.00,$2254.00,$1911.00,$3966.00,2-8-2019 0:00:00,$11088.00,"CHEQUE","000736","ICICI BANK","2 AD PAYMENT"
$659.00,$2255.00,$1903.00,$3958.00,13-7-2019 0:00:00,$1000.00,"CASH","","",""
$660.00,$2256.00,$1931.00,$3986.00,26-7-2019 0:00:00,$1000.00,"CASH","","",""
$661.00,$2257.00,$1945.00,$4000.00,31-7-2019 0:00:00,$1000.00,"CASH","","",""
$662.00,$2258.00,$1747.00,$3802.00,15-5-2019 0:00:00,$2000.00,"","","",""
$663.00,$2259.00,$1889.00,$3944.00,27-7-2019 0:00:00,$530.00,"CASH","","",""
$665.00,$2261.00,$1899.00,$3954.00,6-8-2019 0:00:00,$2548.00,"CASH","","",""
$666.00,$2262.00,$1838.00,$3893.00,9-8-2019 0:00:00,$100000.00,"CHEQUE","371217","STATE BANK OF INDIA",""
$667.00,$2263.00,$1948.00,$4003.00,13-8-2019 0:00:00,$4540.00,"CASH","","",""
$668.00,$2264.00,$1902.00,$3957.00,13-8-2019 0:00:00,$13860.00,"NEFT / RTGS","","",""
$669.00,$2265.00,$1959.00,$4014.00,7-8-2019 0:00:00,$50000.00,"CASH","","",""
$670.00,$2266.00,$1959.00,$4014.00,14-8-2019 0:00:00,$23080.00,"CASH","","",""
$671.00,$2267.00,$1984.00,$4039.00,19-8-2019 0:00:00,$19191.00,"CHEQUE","182856","CENTRAL BANK OF INDIA","PAYMENT OF 2 RO"
$672.00,$2268.00,$1999.00,$4054.00,20-8-2019 0:00:00,$520.00,"CASH","--","---",""
$650.00,$2246.00,$1860.00,$3915.00,20-7-2019 0:00:00,$100000.00,"NEFT / RTGS","","",""
$651.00,$2247.00,$1860.00,$3915.00,6-8-2019 0:00:00,$81421.00,"NEFT / RTGS","","",""
$673.00,$2269.00,$1917.00,$3972.00,14-8-2019 0:00:00,$100000.00,"NEFT / RTGS","","",""
$674.00,$2270.00,$1917.00,$3972.00,20-8-2019 0:00:00,$100000.00,"NEFT / RTGS","","",""
$675.00,$2271.00,$2001.00,$4056.00,21-8-2019 0:00:00,$11340.00,"CASH","","",""
$676.00,$2272.00,$1933.00,$3988.00,23-8-2019 0:00:00,$3906.00,"CHEQUE","000278","KARNATAKA BANK LTD.",""
$677.00,$2273.00,$1698.00,$3753.00,22-5-2019 0:00:00,$19089.00,"NEFT / RTGS","","",""
$678.00,$2274.00,$1966.00,$4021.00,2-9-2019 0:00:00,$20390.00,"CHEQUE","000007","KOTAK MAHINDRA BANK",""
$679.00,$2275.00,$1973.00,$4028.00,30-8-2019 0:00:00,$9070.00,"CASH","","",""
$680.00,$2276.00,$1961.00,$4016.00,5-9-2019 0:00:00,$7646.00,"CHEQUE","001042","THE NAINITAL BANK",""
$681.00,$2277.00,$1610.00,$3665.00,13-5-2019 0:00:00,$5186.00,"NEFT / RTGS","","",""
$682.00,$2278.00,$1809.00,$3864.00,30-7-2019 0:00:00,$24663.00,"NEFT / RTGS","","",""
$683.00,$2279.00,$1831.00,$3886.00,22-8-2019 0:00:00,$25583.00,"NEFT / RTGS","","",""
$684.00,$2280.00,$1888.00,$3943.00,5-9-2019 0:00:00,$30888.00,"NEFT / RTGS","","",""
$685.00,$2281.00,$1938.00,$3993.00,30-7-2019 0:00:00,$200000.00,"NEFT / RTGS","","",""
$686.00,$2282.00,$1988.00,$4043.00,16-8-2019 0:00:00,$200000.00,"NEFT / RTGS","","",""
$687.00,$2283.00,$2017.00,$4072.00,4-9-2019 0:00:00,$200000.00,"NEFT / RTGS","","",""
$688.00,$2284.00,$1125.00,$3180.00,16-10-2018 0:00:00,$171760.00,"NEFT / RTGS","","",""
$689.00,$2285.00,$1386.00,$3441.00,27-12-2018 0:00:00,$200000.00,"NEFT / RTGS","","",""
$690.00,$2286.00,$1813.00,$3868.00,1-6-2019 0:00:00,$185714.00,"NEFT / RTGS","","",""
$691.00,$2287.00,$1825.00,$3880.00,7-6-2019 0:00:00,$53387.00,"NEFT / RTGS","","",""
$692.00,$2288.00,$1916.00,$3971.00,16-7-2019 0:00:00,$214806.00,"NEFT / RTGS","","",""
$693.00,$2289.00,$1934.00,$3989.00,30-7-2019 0:00:00,$20000.00,"NEFT / RTGS","","",""
$694.00,$2290.00,$1923.00,$3978.00,31-8-2019 0:00:00,$83348.00,"NEFT / RTGS","","",""
$695.00,$2291.00,$2003.00,$4058.00,4-9-2019 0:00:00,$100000.00,"NEFT / RTGS","","",""
$696.00,$2292.00,$1862.00,$3917.00,1-9-2019 0:00:00,$100000.00,"CHEQUE","069429","STATE BANK OF INDIA",""
$697.00,$2293.00,$1765.00,$3820.00,19-8-2019 0:00:00,$21622.00,"NEFT / RTGS","","",""
$698.00,$2294.00,$1826.00,$3881.00,4-9-2019 0:00:00,$10000.00,"CASH","","",""
$699.00,$2295.00,$1692.00,$3747.00,4-5-2019 0:00:00,$33600.00,"NEFT / RTGS","","",""
$700.00,$2296.00,$1650.00,$3705.00,8-5-2019 0:00:00,$51728.00,"CHEQUE","399708","AXIS BANK LD.",""
$701.00,$2297.00,$1709.00,$3764.00,6-6-2019 0:00:00,$8043.00,"CHEQUE","399544","AXIS BANK OF INDIA",""
$702.00,$2298.00,$1732.00,$3787.00,6-6-2019 0:00:00,$20390.00,"CHEQUE","000111","HDFC BANK",""
$703.00,$2299.00,$1701.00,$3756.00,10-6-2019 0:00:00,$75981.00,"CHEQUE","032453","BANK OF MAHARASHTRA ",""
$704.00,$2300.00,$1754.00,$3809.00,3-7-2019 0:00:00,$5097.00,"NEFT / RTGS","","",""
$705.00,$2301.00,$1690.00,$3745.00,10-7-2019 0:00:00,$4720.00,"CASH","","",""
$706.00,$2302.00,$1691.00,$3746.00,10-7-2019 0:00:00,$30585.00,"NEFT / RTGS","","",""
$707.00,$2303.00,$1753.00,$3808.00,22-8-2019 0:00:00,$30585.00,"CASH","","",""
$708.00,$2304.00,$1998.00,$4053.00,6-9-2019 0:00:00,$15292.00,"CHEQUE","000004","BANDHAN BANK",""
$709.00,$2305.00,$1762.00,$3817.00,18-7-2019 0:00:00,$8681.00,"CHEQUE","246832","PNG",""
$710.00,$2306.00,$1977.00,$4032.00,4-9-2019 0:00:00,$10195.00,"CASH","","",""
$711.00,$2307.00,$1983.00,$4038.00,14-8-2019 0:00:00,$4420.00,"CASH","","",""
$712.00,$2308.00,$2002.00,$4057.00,9-9-2019 0:00:00,$8320.00,"CASH","","",""
$713.00,$2309.00,$2026.00,$4081.00,16-9-2019 0:00:00,$4540.00,"CASH","","",""
$714.00,$2310.00,$1583.00,$3638.00,30-8-2019 0:00:00,$5000.00,"CASH","","",""
$715.00,$2311.00,$1654.00,$3709.00,16-9-2019 0:00:00,$8000.00,"CASH","","",""
$717.00,$2313.00,$2025.00,$4080.00,18-9-2019 0:00:00,$38253.00,"NEFT / RTGS","","",""
$718.00,$2314.00,$2022.00,$4077.00,18-9-2019 0:00:00,$35028.00,"NEFT / RTGS","","",""
$719.00,$2315.00,$1987.00,$4042.00,19-9-2019 0:00:00,$13860.00,"NEFT / RTGS","","",""
$720.00,$2316.00,$2030.00,$4085.00,24-9-2019 0:00:00,$7646.00,"CHEQUE","553053","KARNATAKA BANK LTD.",""
$716.00,$2312.00,$2015.00,$4070.00,17-9-2019 0:00:00,$100000.00,"NEFT / RTGS","","",""
$717.00,$2313.00,$2015.00,$4070.00,26-9-2019 0:00:00,$94878.00,"NEFT / RTGS","","",""
$721.00,$2317.00,$2068.00,$4123.00,1-10-2019 0:00:00,$1000.00,"CASH","","",""
$722.00,$2318.00,$2062.00,$4117.00,4-10-2019 0:00:00,$18900.00,"CASH","","",""
$723.00,$2319.00,$2059.00,$4114.00,7-10-2019 0:00:00,$2550.00,"CASH","","",""
$724.00,$2320.00,$2111.00,$4166.00,12-10-2019 0:00:00,$2000.00,"CASH","","",""
$726.00,$2322.00,$2155.00,$4210.00,25-10-2019 0:00:00,$498.00,"CASH","","",""
$727.00,$2323.00,$1803.00,$3858.00,3-11-2019 0:00:00,$11469.00,"CHEQUE","648142","VIJAYA BANK ",""
$728.00,$2324.00,$2160.00,$4215.00,2-11-2019 0:00:00,$1890.00,"CHEQUE","193477","PNB BANK",""
$729.00,$2325.00,$2113.00,$4168.00,31-10-2019 0:00:00,$109793.00,"CASH","","",""
$748.00,$2344.00,$2142.00,$4197.00,5-11-2019 0:00:00,$100000.00,"NEFT / RTGS","","",""
$730.00,$2326.00,$2070.00,$4125.00,30-10-2019 0:00:00,$30000.00,"NEFT / RTGS","","",""
$731.00,$2327.00,$2107.00,$4162.00,24-10-2019 0:00:00,$68097.00,"NEFT / RTGS","","",""
$732.00,$2328.00,$2029.00,$4084.00,5-10-2019 0:00:00,$100000.00,"NEFT / RTGS","","",""
$733.00,$2329.00,$2036.00,$4091.00,15-10-2019 0:00:00,$100000.00,"NEFT / RTGS","","",""
$734.00,$2330.00,$2048.00,$4103.00,23-10-2019 0:00:00,$55890.00,"NEFT / RTGS","","",""
$735.00,$2331.00,$2054.00,$4109.00,19-10-2019 0:00:00,$7646.00,"CHEQUE","009301","ALLAHABAD BANK",""
$736.00,$2332.00,$2061.00,$4116.00,11-10-2019 0:00:00,$8841.00,"CHEQUE","553071","AXIS BANK LTD.",""
$737.00,$2333.00,$2000.00,$4055.00,17-10-2019 0:00:00,$5554.00,"CHEQUE","539327","CANERA BANK ",""
$738.00,$2334.00,$2087.00,$4142.00,17-10-2019 0:00:00,$9829.00,"CHEQUE","715041","VIJYA BANK ",""
$739.00,$2335.00,$1894.00,$3949.00,30-9-2019 0:00:00,$10142.00,"CHEQUE","320153","PNB BANK",""
$740.00,$2336.00,$1871.00,$3926.00,29-9-2019 0:00:00,$50000.00,"CHEQUE","371221","SBI",""
$741.00,$2337.00,$1953.00,$4008.00,28-9-2019 0:00:00,$10195.00,"CHEQUE","647854","AXIS BANK LTD.",""
$742.00,$2338.00,$1957.00,$4012.00,23-9-2019 0:00:00,$2126.00,"NEFT / RTGS","","",""
$743.00,$2339.00,$2009.00,$4064.00,19-9-2019 0:00:00,$9986.76,"CHEQUE","193464","PNB",""
$744.00,$2340.00,$2032.00,$4087.00,12-9-2019 0:00:00,$365951.00,"NEFT / RTGS","","",""
$745.00,$2341.00,$2097.00,$4152.00,10-10-2019 0:00:00,$250000.00,"NEFT / RTGS","","",""
$746.00,$2342.00,$2144.00,$4199.00,21-10-2019 0:00:00,$200000.00,"NEFT / RTGS","","",""
$747.00,$2343.00,$1882.00,$3937.00,13-9-2019 0:00:00,$99983.00,"NEFT / RTGS","","",""
$749.00,$2345.00,$2103.00,$4158.00,7-11-2019 0:00:00,$2650.00,"CASH","","",""
$750.00,$2346.00,$1891.00,$3946.00,23-7-2019 0:00:00,$5097.00,"CASH","","",""
$751.00,$2347.00,$2161.00,$4216.00,6-11-2019 0:00:00,$29967.00,"CHEQUE","001096","HDFC BANK",""
$752.00,$2348.00,$2080.00,$4135.00,8-11-2019 0:00:00,$7200.00,"CHEQUE","009309","ALLAHABAD BANK",""
$753.00,$2349.00,$2080.00,$4135.00,8-11-2019 0:00:00,$440.00,"CASH","","",""
$754.00,$2350.00,$2096.00,$4151.00,8-11-2019 0:00:00,$7403.00,"CHEQUE","553091","AXIS BANK LTD.","AFTER - TDS 3 PAYMENT."
$755.00,$2351.00,$2143.00,$4198.00,9-11-2019 0:00:00,$24607.00,"CASH","","",""
$756.00,$2352.00,$2127.00,$4182.00,13-11-2019 0:00:00,$86437.00,"NEFT / RTGS","","",""
$757.00,$2353.00,$2194.00,$4249.00,14-11-2019 0:00:00,$830.00,"CASH","","",""
$758.00,$2354.00,$2105.00,$4160.00,13-11-2019 0:00:00,$7812.00,"CHEQUE","000286","BANK OF BARODA","PAYMENT OF 2 RO"
$759.00,$2355.00,$2151.00,$4206.00,14-11-2019 0:00:00,$102076.00,"NEFT / RTGS","","",""
$760.00,$2356.00,$2157.00,$4212.00,15-11-2019 0:00:00,$31815.00,"NEFT / RTGS","","","PAYMENT OF 2 RO"
$761.00,$2357.00,$2079.00,$4134.00,18-11-2019 0:00:00,$44485.00,"NEFT / RTGS","","",""
$762.00,$2358.00,$2082.00,$4137.00,18-11-2019 0:00:00,$10195.00,"CASH","","",""
$763.00,$2359.00,$2211.00,$4266.00,20-11-2019 0:00:00,$200000.00,"NEFT / RTGS","","",""
$764.00,$2360.00,$2215.00,$4270.00,22-11-2019 0:00:00,$2300.00,"CASH","","",""
$765.00,$2361.00,$2158.00,$4213.00,25-10-2019 0:00:00,$1000.00,"CASH","","",""
$766.00,$2362.00,$2179.00,$4234.00,8-11-2019 0:00:00,$1000.00,"CASH","","",""
$767.00,$2363.00,$2220.00,$4275.00,30-11-2019 0:00:00,$600.00,"CASH","","",""
$768.00,$2364.00,$2221.00,$4276.00,23-11-2019 0:00:00,$800.00,"CASH","","",""
$769.00,$2365.00,$2200.00,$4255.00,16-11-2019 0:00:00,$1000.00,"CASH","","",""
$770.00,$2366.00,$2219.00,$4274.00,11-11-2019 0:00:00,$1150.00,"CASH","","",""
$771.00,$2367.00,$2237.00,$4292.00,30-11-2019 0:00:00,$2050.00,"CASH","","",""
$772.00,$2368.00,$2045.00,$4100.00,2-12-2019 0:00:00,$2548.00,"CHEQUE","000021","KOTAK MAHINDRA BANK ",""
$773.00,$2369.00,$2102.00,$4157.00,5-12-2019 0:00:00,$2550.00,"CHEQUE","000022","KOTAK MAHINDRA BANK",""
$774.00,$2370.00,$2053.00,$4108.00,2-12-2019 0:00:00,$20780.00,"CHEQUE","373493","VIJAYA BANK",""
$775.00,$2371.00,$2226.00,$4281.00,2-12-2019 0:00:00,$14680.00,"CASH","CASH","CASH","ADVA"
$776.00,$2372.00,$2110.00,$4165.00,5-12-2019 0:00:00,$16956.00,"CHEQUE","246865","PNG",""
$777.00,$2373.00,$2250.00,$4305.00,3-12-2019 0:00:00,$21000.00,"NEFT / RTGS","","",""
$778.00,$2374.00,$2252.00,$4307.00,4-12-2019 0:00:00,$3900.00,"CASH","","",""
$779.00,$2375.00,$2279.00,$4334.00,14-12-2019 0:00:00,$2000.00,"CASH","","GOOGLE PAY ",""
$780.00,$2376.00,$2236.00,$4291.00,13-12-2019 0:00:00,$27810.00,"CHEQUE","070598","AXIS BANK",""
$781.00,$2377.00,$2264.00,$4319.00,16-12-2019 0:00:00,$200000.00,"NEFT / RTGS","","",""
$782.00,$2378.00,$2198.00,$4253.00,18-12-2019 0:00:00,$15907.00,"NEFT / RTGS","","",""
$783.00,$2379.00,$2166.00,$4221.00,11-11-2019 0:00:00,$4536.00,"CASH","","",""
$784.00,$2380.00,$2258.00,$4313.00,18-12-2019 0:00:00,$4536.00,"CASH","","",""
$785.00,$2381.00,$2268.00,$4323.00,11-12-2019 0:00:00,$1900.00,"CASH","","",""
$786.00,$2382.00,$2300.00,$4355.00,30-12-2019 0:00:00,$2200.00,"CASH","--","--",""
$787.00,$2383.00,$2244.00,$4299.00,24-12-2019 0:00:00,$2650.00,"CASH","","",""
$788.00,$2384.00,$2332.00,$4387.00,2-1-2020 0:00:00,$610.00,"CASH","","",""
$789.00,$2385.00,$2316.00,$4371.00,6-1-2020 0:00:00,$39690.00,"NEFT / RTGS","","",""
$790.00,$2386.00,$2168.00,$4223.00,2-12-2019 0:00:00,$3823.20,"CASH","","",""
$791.00,$2387.00,$2169.00,$4224.00,2-12-2019 0:00:00,$3982.50,"CASH","","",""
$793.00,$2389.00,$2341.00,$4396.00,9-1-2020 0:00:00,$4540.00,"CASH","","",""
$794.00,$2390.00,$2378.00,$4433.00,18-1-2020 0:00:00,$5000.00,"CASH","","",""
$795.00,$2391.00,$2379.00,$4434.00,18-1-2020 0:00:00,$1000.00,"CASH","","",""
$796.00,$2392.00,$2235.00,$4290.00,18-1-2020 0:00:00,$7568.00,"CHEQUE","553140","AXIS BANK ",""
$797.00,$2393.00,$2357.00,$4412.00,11-1-2020 0:00:00,$1000.00,"CASH","","",""
$798.00,$2394.00,$2263.00,$4318.00,10-12-2019 0:00:00,$2000.00,"CASH","","",""
$799.00,$2395.00,$2383.00,$4438.00,20-1-2020 0:00:00,$2000.00,"CASH","","",""
$800.00,$2396.00,$2396.00,$4451.00,22-1-2020 0:00:00,$5260.00,"CASH","","",""
$801.00,$2397.00,$2392.00,$4447.00,24-1-2020 0:00:00,$3700.00,"CASH","","",""
$802.00,$2398.00,$2227.00,$4282.00,3-12-2019 0:00:00,$100000.00,"NEFT / RTGS","","",""
$803.00,$2399.00,$2233.00,$4288.00,18-12-2019 0:00:00,$143259.00,"NEFT / RTGS","","",""
$804.00,$2400.00,$2296.00,$4351.00,14-1-2020 0:00:00,$100000.00,"NEFT / RTGS","","",""
$805.00,$2401.00,$2306.00,$4361.00,24-1-2020 0:00:00,$55537.00,"NEFT / RTGS","","",""
$806.00,$2402.00,$2385.00,$4440.00,28-1-2020 0:00:00,$200000.00,"NEFT / RTGS","","",""
$807.00,$2403.00,$2335.00,$4390.00,28-1-2020 0:00:00,$1600.00,"CASH","","",""
$810.00,$2406.00,$2320.00,$4375.00,1-2-2020 0:00:00,$32808.00,"CHEQUE","049281","PRATHMA BANK ",""
$809.00,$2405.00,$2393.00,$4448.00,22-1-2020 0:00:00,$2700.00,"CASH","","",""
$811.00,$2407.00,$2404.00,$4459.00,1-2-2020 0:00:00,$19593.00,"CHEQUE","000294","BANK OF BAROD","3 RO PAYMNET "
$813.00,$2409.00,$2421.00,$4476.00,7-2-2020 0:00:00,$200000.00,"NEFT / RTGS","","",""
$814.00,$2410.00,$2322.00,$4377.00,12-2-2020 0:00:00,$23436.00,"CASH","","",""
$815.00,$2411.00,$2361.00,$4416.00,11-2-2020 0:00:00,$451154.00,"NEFT / RTGS","","",""
$816.00,$2412.00,$2391.00,$4446.00,28-1-2020 0:00:00,$200000.00,"NEFT / RTGS","","",""
$817.00,$2413.00,$2459.00,$4514.00,19-2-2020 0:00:00,$2000.00,"CASH","","",""
$818.00,$2414.00,$2199.00,$4254.00,15-11-2019 0:00:00,$5000.00,"CASH","","",""
$819.00,$2415.00,$2464.00,$4519.00,20-2-2020 0:00:00,$11907.00,"CHEQUE","668743","ORIENTAL BANK OF COMMERCE",""
$820.00,$2416.00,$2463.00,$4518.00,20-2-2020 0:00:00,$19732.00,"CHEQUE","668742","ORIENTAL BANK OF COMMERCE",""
$792.00,$2388.00,$2225.00,$4280.00,1-1-2020 0:00:00,$10000.00,"CASH","","",""
$793.00,$2389.00,$2225.00,$4280.00,30-1-2020 0:00:00,$1000.00,"CASH","","",""
$794.00,$2390.00,$2225.00,$4280.00,31-1-2020 0:00:00,$1000.00,"CASH","","",""
$795.00,$2391.00,$2225.00,$4280.00,5-2-2020 0:00:00,$1000.00,"CASH","","",""
$796.00,$2392.00,$2225.00,$4280.00,6-2-2020 0:00:00,$1000.00,"CASH","","",""
$797.00,$2393.00,$2225.00,$4280.00,8-2-2020 0:00:00,$1000.00,"CASH","","",""
$798.00,$2394.00,$2225.00,$4280.00,12-2-2020 0:00:00,$1000.00,"CASH","","",""
$799.00,$2395.00,$2225.00,$4280.00,15-2-2020 0:00:00,$1000.00,"CASH","","",""
$800.00,$2396.00,$2225.00,$4280.00,18-2-2020 0:00:00,$1000.00,"CASH","","",""
$812.00,$2408.00,$2384.00,$4439.00,6-2-2020 0:00:00,$55672.00,"NEFT / RTGS","","",""
$813.00,$2409.00,$2384.00,$4439.00,18-2-2020 0:00:00,$50000.00,"NEFT / RTGS","","",""
$808.00,$2404.00,$1895.00,$3950.00,30-1-2020 0:00:00,$50000.00,"CHEQUE","069452","SBI",""
$821.00,$2417.00,$2468.00,$4523.00,21-2-2020 0:00:00,$1910.00,"CASH","","",""
$801.00,$2397.00,$2225.00,$4280.00,25-2-2020 0:00:00,$1000.00,"CASH","","",""
$822.00,$2418.00,$2432.00,$4487.00,10-2-2020 0:00:00,$55426.00,"CHEQUE","399912","AXIS  BANK LTD.",""
$823.00,$2419.00,$2350.00,$4405.00,25-2-2020 0:00:00,$54940.00,"CHEQUE","400144","AXIS BANK LTD.","4430, 3330, 4331, 4405"
$824.00,$2420.00,$2329.00,$4384.00,25-2-2020 0:00:00,$31752.00,"NEFT / RTGS","","",""
$825.00,$2421.00,$2395.00,$4450.00,24-2-2020 0:00:00,$50000.00,"NEFT / RTGS","","",""
$826.00,$2422.00,$2498.00,$4553.00,5-3-2020 0:00:00,$2000.00,"CASH","","",""
$827.00,$2423.00,$2522.00,$4577.00,11-3-2020 0:00:00,$630.00,"CASH","","",""
$828.00,$2424.00,$2523.00,$4578.00,11-3-2020 0:00:00,$730.00,"CASH","","",""
$829.00,$2425.00,$2471.00,$4526.00,12-3-2020 0:00:00,$19656.00,"CHEQUE","000311","BANK OF BARODA","PAYMENT OF 2 RO"
$830.00,$2426.00,$2539.00,$4594.00,14-3-2020 0:00:00,$1680.00,"CASH","","",""
$831.00,$2427.00,$2449.00,$4504.00,16-3-2020 0:00:00,$7885.00,"CHEQUE","553173","AXIS BANK LTD.",""
$832.00,$2428.00,$2057.00,$4112.00,13-11-2019 0:00:00,$61145.00,"NEFT / RTGS","","",""
$833.00,$2429.00,$2081.00,$4136.00,7-1-2020 0:00:00,$9958.00,"NEFT / RTGS","","",""
$834.00,$2430.00,$2146.00,$4201.00,15-2-2020 0:00:00,$17674.00,"NEFT / RTGS","","",""
$835.00,$2431.00,$2448.00,$4503.00,17-3-2020 0:00:00,$22022.00,"NEFT / RTGS","","",""
$836.00,$2432.00,$2548.00,$4603.00,16-3-2020 0:00:00,$9000.00,"CASH","","",""
$837.00,$2433.00,$2479.00,$4534.00,18-3-2020 0:00:00,$27836.00,"NEFT / RTGS","","",""
$838.00,$2434.00,$2477.00,$4532.00,7-3-2020 0:00:00,$40236.00,"NEFT / RTGS","","",""
$839.00,$2435.00,$2460.00,$4515.00,19-2-2020 0:00:00,$1750.00,"CASH","","",""
$840.00,$2436.00,$2469.00,$4524.00,22-2-2020 0:00:00,$1000.00,"CASH","","",""
$841.00,$2437.00,$2551.00,$4606.00,21-3-2020 0:00:00,$1000.00,"CASH","","",""
$842.00,$2438.00,$2562.00,$4617.00,18-5-2020 0:00:00,$5292.00,"CHEQUE","001821","AXIS BANK LTD.",""
$843.00,$2439.00,$2567.00,$4622.00,30-4-2020 0:00:00,$33768.00,"NEFT / RTGS","","",""
$844.00,$2440.00,$2373.00,$4428.00,5-3-2020 0:00:00,$20006.00,"CHEQUE","053808","BOB",""
$845.00,$2441.00,$2136.00,$4191.00,2-12-2019 0:00:00,$30000.00,"NEFT / RTGS","","",""
$846.00,$2442.00,$2148.00,$4203.00,17-12-2019 0:00:00,$30000.00,"NEFT / RTGS","","",""
$847.00,$2443.00,$2156.00,$4211.00,5-2-2020 0:00:00,$20000.00,"NEFT / RTGS","","",""
$848.00,$2444.00,$2204.00,$4259.00,29-2-2020 0:00:00,$20000.00,"NEFT / RTGS","","",""
$849.00,$2445.00,$2290.00,$4345.00,21-5-2020 0:00:00,$13000.00,"NEFT / RTGS","","",""
$850.00,$2446.00,$2224.00,$4279.00,21-12-2019 0:00:00,$94499.00,"NEFT / RTGS","","",""
$851.00,$2447.00,$2446.00,$4501.00,21-4-2020 0:00:00,$30000.00,"CASH","","",""
$809.00,$2405.00,$1895.00,$3950.00,8-1-2020 0:00:00,$50000.00,"CHEQUE","","",""
$852.00,$2448.00,$1905.00,$3960.00,30-1-2020 0:00:00,$50000.00,"CHEQUE","","",""
$853.00,$2449.00,$1915.00,$3970.00,17-3-2020 0:00:00,$50000.00,"CHEQUE","","",""
$854.00,$2450.00,$2431.00,$4486.00,8-2-2020 0:00:00,$4535.00,"CASH","","",""
$855.00,$2451.00,$2619.00,$4674.00,11-6-2020 0:00:00,$46787.00,"NEFT / RTGS","----","11/06/2020",""
$857.00,$2453.00,$2512.00,$4567.00,19-6-2020 0:00:00,$10180.00,"CHEQUE","000314","BANK OF BARODA",""
$858.00,$2454.00,$2613.00,$4668.00,20-6-2020 0:00:00,$4800.00,"CASH","","",""
$859.00,$2455.00,$2634.00,$4689.00,11-6-2020 0:00:00,$2400.00,"CASH","","",""
$860.00,$2456.00,$2592.00,$4647.00,20-6-2020 0:00:00,$16884.00,"NEFT / RTGS","","",""
$856.00,$2452.00,$2629.00,$4684.00,18-6-2020 0:00:00,$15162.00,"NEFT / RTGS","NEFT","IN KARNATAKA BANK LTD","UTR-SAA85782737, ADVT OF DAINIK JAGRAN & HINUSTAN."
$861.00,$2457.00,$2664.00,$4719.00,20-7-2020 0:00:00,$931.00,"NEFT / RTGS","","",""
$862.00,$2458.00,$2662.00,$4717.00,27-6-2020 0:00:00,$1000.00,"CASH","","",""
$863.00,$2459.00,$2658.00,$4713.00,21-7-2020 0:00:00,$46675.00,"NEFT / RTGS","","",""
$864.00,$2460.00,$2715.00,$4770.00,1-1-2001 0:00:00,$2924.00,"NEFT / RTGS","UPI","",""
$865.00,$2461.00,$2675.00,$4730.00,2-7-2020 0:00:00,$1000.00,"CASH","","",""
$866.00,$2462.00,$2682.00,$4737.00,4-7-2020 0:00:00,$1000.00,"CASH","","",""
$867.00,$2463.00,$2696.00,$4751.00,10-7-2020 0:00:00,$1000.00,"CASH","","",""
$868.00,$2464.00,$2717.00,$4772.00,25-7-2020 0:00:00,$1000.00,"CASH","","",""
$869.00,$2465.00,$2718.00,$4773.00,28-7-2020 0:00:00,$2000.00,"CASH","","",""
$870.00,$2466.00,$2730.00,$4785.00,4-8-2020 0:00:00,$5200.00,"CASH","","",""
$871.00,$2467.00,$2478.00,$4533.00,25-2-2020 0:00:00,$2000.00,"CASH","","",""
$872.00,$2468.00,$2410.00,$4465.00,28-1-2020 0:00:00,$593.00,"CASH","","",""
$873.00,$2469.00,$2483.00,$4538.00,29-2-2020 0:00:00,$1000.00,"CASH","","",""
$874.00,$2470.00,$2486.00,$4541.00,2-3-2020 0:00:00,$2000.00,"CASH","","",""
$875.00,$2471.00,$2509.00,$4564.00,6-3-2020 0:00:00,$1050.00,"CASH","","",""
$876.00,$2472.00,$2542.00,$4597.00,14-3-2020 0:00:00,$177.00,"CASH","","",""
$877.00,$2473.00,$2753.00,$4808.00,18-8-2020 0:00:00,$2000.00,"CASH","","",""
$878.00,$2474.00,$2762.00,$4818.00,28-8-2020 0:00:00,$1000.00,"CASH","","",""
$879.00,$2475.00,$2399.00,$4454.00,27-7-2020 0:00:00,$30000.00,"CHEQUE","000004","AXIS BANK LTD.",""
$880.00,$2476.00,$2455.00,$4510.00,28-8-2020 0:00:00,$25000.00,"CHEQUE","399629","AXIS BANK LTD.",""
$881.00,$2477.00,$2564.00,$4619.00,19-5-2020 0:00:00,$30000.00,"NEFT / RTGS","","",""
$882.00,$2478.00,$2568.00,$4623.00,8-6-2020 0:00:00,$18070.00,"NEFT / RTGS","","",""
$883.00,$2479.00,$2593.00,$4648.00,16-6-2020 0:00:00,$40791.00,"NEFT / RTGS","","",""
$884.00,$2480.00,$2654.00,$4709.00,2-7-2020 0:00:00,$58378.00,"NEFT / RTGS","","",""
$885.00,$2481.00,$2713.00,$4768.00,6-8-2020 0:00:00,$103782.00,"NEFT / RTGS","","",""
$886.00,$2482.00,$2648.00,$4703.00,28-7-2020 0:00:00,$18468.00,"NEFT / RTGS","","",""
$887.00,$2483.00,$2751.00,$4806.00,29-8-2020 0:00:00,$31197.00,"NEFT / RTGS","","",""
$888.00,$2484.00,$2665.00,$4720.00,26-8-2020 0:00:00,$19077.00,"CHEQUE","054298","PRATHMA BANK",""
$889.00,$2485.00,$2716.00,$4771.00,7-8-2020 0:00:00,$29635.00,"NEFT / RTGS","","",""
$890.00,$2486.00,$2712.00,$4767.00,28-8-2020 0:00:00,$38800.00,"NEFT / RTGS","","",""
$891.00,$2487.00,$2760.00,$4815.00,7-9-2020 0:00:00,$24418.00,"NEFT / RTGS","","",""
$892.00,$2488.00,$2747.00,$4802.00,8-9-2020 0:00:00,$8386.00,"NEFT / RTGS","","",""
$893.00,$2489.00,$2779.00,$4834.00,10-9-2020 0:00:00,$4100.00,"CASH","","",""
$894.00,$2490.00,$2759.00,$4814.00,9-9-2020 0:00:00,$66755.00,"NEFT / RTGS","","",""
$895.00,$2491.00,$2740.00,$4795.00,2-9-2020 0:00:00,$50000.00,"NEFT / RTGS","","",""
$896.00,$2492.00,$2797.00,$4852.00,14-9-2020 0:00:00,$1000.00,"CASH","","",""
$897.00,$2493.00,$2782.00,$4837.00,15-9-2020 0:00:00,$4600.00,"CASH","","",""
$898.00,$2494.00,$2803.00,$4858.00,16-9-2020 0:00:00,$3400.00,"CASH","","",""
$899.00,$2495.00,$2815.00,$4870.00,30-9-2020 0:00:00,$9000.00,"NEFT / RTGS","","",""
$900.00,$2496.00,$2792.00,$4847.00,29-9-2020 0:00:00,$300000.00,"NEFT / RTGS","","","SIRMAUR SOAP AND ALLIED "
$901.00,$2497.00,$2834.00,$4889.00,5-10-2020 0:00:00,$2009.00,"NEFT / RTGS","","KARNATAKA BANK LTD",""
$902.00,$2498.00,$2811.00,$4866.00,29-10-2020 0:00:00,$668.00,"CASH","","","PAYTM TO DEEPAK"
$903.00,$2499.00,$2812.00,$4867.00,29-9-2020 0:00:00,$661.00,"CASH","","","PAYTM IN DEEPAK ACCOUNT"
$904.00,$2500.00,$2843.00,$4898.00,9-10-2020 0:00:00,$3600.00,"CASH","","",""
$905.00,$2501.00,$2795.00,$4850.00,13-10-2020 0:00:00,$5027.00,"NEFT / RTGS","","",""
$906.00,$2502.00,$2852.00,$4907.00,13-10-2020 0:00:00,$1000.00,"CASH","","",""
$907.00,$2503.00,$2776.00,$4831.00,1-10-2020 0:00:00,$50000.00,"NEFT / RTGS","","",""
$908.00,$2504.00,$2780.00,$4835.00,7-10-2020 0:00:00,$50000.00,"NEFT / RTGS","","",""
$909.00,$2505.00,$2787.00,$4842.00,13-10-2020 0:00:00,$50000.00,"NEFT / RTGS","","",""
$910.00,$2506.00,$2516.00,$4571.00,14-10-2020 0:00:00,$24265.00,"CHEQUE","399987","AXIS BANK LTD",""
$911.00,$2507.00,$2240.00,$4295.00,4-1-2020 0:00:00,$7646.00,"CHEQUE","","",""
$912.00,$2508.00,$2141.00,$4196.00,17-1-2020 0:00:00,$10195.00,"CHEQUE","000189","",""
$913.00,$2509.00,$1884.00,$3939.00,21-1-2020 0:00:00,$7568.00,"CASH","","",""
$914.00,$2510.00,$2277.00,$4332.00,3-12-2019 0:00:00,$43908.00,"NEFT / RTGS","","",""
$915.00,$2511.00,$2282.00,$4337.00,6-12-2019 0:00:00,$51236.00,"NEFT / RTGS","","",""
$916.00,$2512.00,$2333.00,$4388.00,21-1-2020 0:00:00,$24085.00,"CHEQUE","","",""
$917.00,$2513.00,$2415.00,$4470.00,23-1-2020 0:00:00,$2000.00,"NEFT / RTGS","","",""
$918.00,$2514.00,$2865.00,$4920.00,19-10-2020 0:00:00,$1650.00,"CASH","","",""
$919.00,$2515.00,$2856.00,$4911.00,15-10-2020 0:00:00,$35000.00,"CASH","","",""
$920.00,$2516.00,$2856.00,$4911.00,16-10-2020 0:00:00,$40000.00,"CASH","","",""
$921.00,$2517.00,$2856.00,$4911.00,21-10-2020 0:00:00,$21300.00,"CASH","","",""
$922.00,$2518.00,$2810.00,$4865.00,21-10-2020 0:00:00,$18861.00,"NEFT / RTGS","","",""
$923.00,$2519.00,$2802.00,$4857.00,21-10-2020 0:00:00,$29836.00,"NEFT / RTGS","","",""
$924.00,$2520.00,$2807.00,$4862.00,22-10-2020 0:00:00,$28871.00,"NEFT / RTGS","","",""
$925.00,$2521.00,$2861.00,$4916.00,22-10-2020 0:00:00,$1000.00,"CASH","","",""
$926.00,$2522.00,$2847.00,$4902.00,28-10-2020 0:00:00,$2240.00,"CASH","","",""
$927.00,$2523.00,$2891.00,$4946.00,31-10-2020 0:00:00,$3800.00,"CASH","","","AFTER DISOUNT"
$928.00,$2524.00,$2536.00,$4591.00,31-10-2020 0:00:00,$200000.00,"NEFT / RTGS","","","FROM - SIRMAUR SOAP AND ALLIED"
$929.00,$2525.00,$2896.00,$4951.00,31-10-2020 0:00:00,$200000.00,"NEFT / RTGS","","","FROM - SIRMAUR SOAP AND ALLIED"
$930.00,$2526.00,$2828.00,$4883.00,2-11-2020 0:00:00,$50000.00,"NEFT / RTGS","","",""
$931.00,$2527.00,$2862.00,$4917.00,4-11-2020 0:00:00,$44925.00,"NEFT / RTGS","","",""
$932.00,$2528.00,$2902.00,$4957.00,4-11-2020 0:00:00,$5847.00,"NEFT / RTGS","","",""
$933.00,$2529.00,$2933.00,$4988.00,12-11-2020 0:00:00,$1790.00,"CASH","","",""
$934.00,$2530.00,$2934.00,$4989.00,12-11-2020 0:00:00,$1030.00,"CASH","","",""
$935.00,$2531.00,$2897.00,$4952.00,19-11-2020 0:00:00,$200000.00,"NEFT / RTGS","","",""
$936.00,$2532.00,$2886.00,$4941.00,19-11-2020 0:00:00,$55639.00,"NEFT / RTGS","","",""
$937.00,$2533.00,$2853.00,$4908.00,23-11-2020 0:00:00,$1808.00,"NEFT / RTGS","","",""
$938.00,$2534.00,$2835.00,$4890.00,10-11-2020 0:00:00,$50000.00,"NEFT / RTGS","","",""
$939.00,$2535.00,$2837.00,$4892.00,20-11-2020 0:00:00,$50000.00,"NEFT / RTGS","","",""
$940.00,$2536.00,$2864.00,$4919.00,24-11-2020 0:00:00,$40882.00,"CHEQUE","","",""
$941.00,$2537.00,$2903.00,$4958.00,25-12-2020 0:00:00,$10584.00,"CHEQUE","001709","HDFC BANK",""
$942.00,$2538.00,$2901.00,$4956.00,3-12-2020 0:00:00,$50000.00,"NEFT / RTGS","","",""
$943.00,$2539.00,$2932.00,$4987.00,2-12-2020 0:00:00,$4284.00,"CHEQUE","376064","STATE BANK OF INDIA",""
$944.00,$2540.00,$2907.00,$4962.00,2-12-2020 0:00:00,$4284.00,"CHEQUE","239387","STATE BANK OF INDIA",""
$945.00,$2541.00,$2953.00,$5008.00,4-12-2020 0:00:00,$47124.00,"CHEQUE","","",""
$946.00,$2542.00,$2955.00,$5010.00,5-12-2020 0:00:00,$24450.00,"NEFT / RTGS","","",""
$947.00,$2543.00,$2939.00,$4994.00,8-12-2020 0:00:00,$1000.00,"CASH","","",""
$948.00,$2544.00,$2952.00,$5007.00,9-12-2020 0:00:00,$2200.00,"CASH","","",""
$949.00,$2545.00,$2966.00,$5021.00,9-12-2020 0:00:00,$1000.00,"","","",""
$950.00,$2546.00,$2981.00,$5036.00,9-12-2020 0:00:00,$2000.00,"","","",""
$951.00,$2547.00,$2870.00,$4925.00,3-12-2020 0:00:00,$20000.00,"NEFT / RTGS","","",""
$952.00,$2548.00,$2880.00,$4935.00,5-12-2020 0:00:00,$15000.00,"CHEQUE","","",""
$953.00,$2549.00,$2984.00,$5039.00,11-12-2020 0:00:00,$2000.00,"CASH","","",""
$954.00,$2550.00,$2987.00,$5042.00,12-12-2020 0:00:00,$2900.00,"CASH","","",""
$955.00,$2551.00,$2922.00,$4977.00,14-12-2020 0:00:00,$24864.00,"NEFT / RTGS","","",""
$956.00,$2552.00,$2925.00,$4980.00,14-12-2020 0:00:00,$1920.00,"CASH","","",""
$957.00,$2553.00,$2612.00,$4667.00,13-8-2020 0:00:00,$23587.00,"NEFT / RTGS","","",""
$958.00,$2554.00,$2752.00,$4807.00,12-8-2020 0:00:00,$25650.00,"CASH","","",""
$959.00,$2555.00,$2916.00,$4971.00,17-12-2020 0:00:00,$16203.00,"CASH","","",""
$960.00,$2556.00,$3003.00,$5058.00,22-12-2020 0:00:00,$793.00,"CASH","","",""
$961.00,$2557.00,$3004.00,$5059.00,22-12-2020 0:00:00,$937.00,"CASH","","",""
$962.00,$2558.00,$3010.00,$5065.00,24-12-2020 0:00:00,$1000.00,"CASH","","",""
$963.00,$2559.00,$3015.00,$5070.00,31-12-2020 0:00:00,$26040.00,"NEFT / RTGS","","",""
$964.00,$2560.00,$2913.00,$4968.00,10-11-2020 0:00:00,$50000.00,"NEFT / RTGS","","",""
$965.00,$2561.00,$2935.00,$4990.00,20-11-2020 0:00:00,$50000.00,"NEFT / RTGS","","",""
$966.00,$2562.00,$2954.00,$5009.00,24-11-2020 0:00:00,$40882.00,"NEFT / RTGS","","",""
$967.00,$2563.00,$2968.00,$5023.00,2-12-2020 0:00:00,$50000.00,"NEFT / RTGS","","",""
$968.00,$2564.00,$2982.00,$5037.00,24-12-2020 0:00:00,$50000.00,"NEFT / RTGS","","",""
$969.00,$2565.00,$2991.00,$5046.00,29-12-2020 0:00:00,$50000.00,"NEFT / RTGS","","",""
$970.00,$2566.00,$3017.00,$5072.00,31-12-2020 0:00:00,$35774.00,"NEFT / RTGS","","",""
$971.00,$2567.00,$2990.00,$5045.00,30-12-2020 0:00:00,$14175.00,"CASH","","",""
$972.00,$2568.00,$2890.00,$4945.00,11-11-2020 0:00:00,$105402.00,"CHEQUE","","PNB",""
$973.00,$2569.00,$2947.00,$5002.00,5-12-2020 0:00:00,$170332.00,"CHEQUE","438144","PNB",""
$974.00,$2570.00,$3020.00,$5075.00,5-1-2021 0:00:00,$153619.00,"CHEQUE","438158","PNB",""
$975.00,$2571.00,$2814.00,$4869.00,7-1-2021 0:00:00,$8845.00,"NEFT / RTGS","","",""
